timestamp,open,high,low,close,volume,symbol
2017-06-01 04:00:00+00:00,70.24,70.61,69.451,70.1,21922908,MSFT
2017-06-02 04:00:00+00:00,70.44,71.86,70.24,71.76,35470261,MSFT
2017-06-05 04:00:00+00:00,71.97,72.89,71.81,72.28,33317996,MSFT
2017-06-06 04:00:00+00:00,72.3,72.62,72.27,72.52,31511065,MSFT
2017-06-07 04:00:00+00:00,72.67,72.77,71.95,72.39,22302769,MSFT
2017-06-08 04:00:00+00:00,72.42,72.52,71.5,71.95,26179442,MSFT
2017-06-09 04:00:00+00:00,72.02,72.08,68.59,70.32,49188196,MSFT
2017-06-12 04:00:00+00:00,69.29,69.94,68.13,69.78,47762073,MSFT
2017-06-13 04:00:00+00:00,70.04,70.82,69.96,70.65,25258687,MSFT
2017-06-14 04:00:00+00:00,71.0,71.1,69.43,70.27,25511116,MSFT
2017-06-15 04:00:00+00:00,69.47,70.21,68.8,69.9,26128158,MSFT
2017-06-16 04:00:00+00:00,69.81,70.0252,69.22,70.0,48535333,MSFT
2017-06-19 04:00:00+00:00,70.55,70.945,70.35,70.87,23798565,MSFT
2017-06-20 04:00:00+00:00,70.69,70.87,69.87,69.91,21512566,MSFT
2017-06-21 04:00:00+00:00,70.25,70.62,69.94,70.27,19892294,MSFT
2017-06-22 04:00:00+00:00,70.45,70.59,69.71,70.26,22965738,MSFT
2017-06-23 04:00:00+00:00,70.09,71.25,69.92,71.21,27619393,MSFT
2017-06-26 04:00:00+00:00,71.4,71.71,70.445,70.53,19608054,MSFT
2017-06-27 04:00:00+00:00,70.11,70.18,69.18,69.21,25215753,MSFT
2017-06-28 04:00:00+00:00,69.21,69.841,68.79,69.8,25806301,MSFT
2017-06-29 04:00:00+00:00,69.38,69.49,68.09,68.49,29080135,MSFT
2017-06-30 04:00:00+00:00,69.16,69.38,68.74,68.93,24161070,MSFT
2017-07-03 04:00:00+00:00,69.28,123.45,29.13,68.17,16268695,MSFT
2017-07-05 04:00:00+00:00,68.22,69.44,68.22,69.08,21176772,MSFT
2017-07-06 04:00:00+00:00,68.36,68.78,68.12,68.57,21117582,MSFT
2017-07-07 04:00:00+00:00,68.71,69.84,68.7,69.46,16878768,MSFT
2017-07-10 04:00:00+00:00,69.42,70.25,69.2,69.98,15014503,MSFT
2017-07-11 04:00:00+00:00,69.96,70.68,69.75,69.99,17461124,MSFT
2017-07-12 04:00:00+00:00,70.69,71.28,70.55,71.15,17750925,MSFT
2017-07-13 04:00:00+00:00,71.48,72.0399,71.31,71.77,20269816,MSFT
2017-07-14 04:00:00+00:00,72.23,73.27,71.96,72.78,25871452,MSFT
2017-07-17 04:00:00+00:00,72.86,73.45,72.72,73.35,21806443,MSFT
2017-07-18 04:00:00+00:00,73.12,73.39,72.66,73.3,26435666,MSFT
2017-07-19 04:00:00+00:00,73.5,74.04,73.45,73.86,22416297,MSFT
2017-07-20 04:00:00+00:00,74.2,74.3,73.28,74.22,42369030,MSFT
2017-07-21 04:00:00+00:00,73.48,74.29,73.17,73.79,46741758,MSFT
2017-07-24 04:00:00+00:00,73.5,73.75,73.13,73.6,21385537,MSFT
2017-07-25 04:00:00+00:00,73.74,74.31,73.5,74.19,22019019,MSFT
2017-07-26 04:00:00+00:00,74.26,74.38,73.81,74.05,16243799,MSFT
2017-07-27 04:00:00+00:00,73.78,74.42,72.32,73.16,36847318,MSFT
2017-07-28 04:00:00+00:00,72.64,73.31,72.54,73.04,18306680,MSFT
2017-07-31 04:00:00+00:00,73.39,73.44,72.41,72.7,23615626,MSFT
2017-08-01 04:00:00+00:00,73.16,73.42,72.49,72.58,22381426,MSFT
2017-08-02 04:00:00+00:00,72.55,72.56,71.445,72.26,26499258,MSFT
2017-08-03 04:00:00+00:00,72.18,72.44,71.845,72.15,18215548,MSFT
2017-08-04 04:00:00+00:00,72.4,73.04,72.24,72.68,22579152,MSFT
2017-08-07 04:00:00+00:00,72.8,72.9,72.26,72.4,18707143,MSFT
2017-08-08 04:00:00+00:00,72.09,73.13,71.75,72.79,22262028,MSFT
2017-08-09 04:00:00+00:00,72.24,72.51,72.05,72.47,22213410,MSFT
2017-08-10 04:00:00+00:00,71.94,72.19,71.35,71.41,24734691,MSFT
2017-08-11 04:00:00+00:00,71.49,72.7,71.28,72.5,21443675,MSFT
2017-08-14 04:00:00+00:00,73.06,73.72,72.95,73.59,20096592,MSFT
2017-08-15 04:00:00+00:00,73.55,73.59,73.04,73.22,19195310,MSFT
2017-08-16 04:00:00+00:00,73.34,74.1,73.17,73.65,18150584,MSFT
2017-08-17 04:00:00+00:00,73.58,73.87,72.4,72.4,22977519,MSFT
2017-08-18 04:00:00+00:00,72.21,72.84,71.93,72.49,18761491,MSFT
2017-08-21 04:00:00+00:00,72.47,72.48,71.7,72.15,17734767,MSFT
2017-08-22 04:00:00+00:00,72.38,73.24,72.35,73.16,14343674,MSFT
2017-08-23 04:00:00+00:00,72.96,73.15,72.53,72.72,13766582,MSFT
2017-08-24 04:00:00+00:00,72.74,72.86,72.07,72.69,17098582,MSFT
2017-08-25 04:00:00+00:00,72.85,73.35,72.48,72.82,12794301,MSFT
2017-08-28 04:00:00+00:00,73.05,73.09,72.55,72.83,14569715,MSFT
2017-08-29 04:00:00+00:00,72.26,73.16,72.05,73.05,11478382,MSFT
2017-08-30 04:00:00+00:00,73.01,74.2099,72.8293,74.01,16898417,MSFT
2017-08-31 04:00:00+00:00,74.01,74.96,73.8,74.77,27671056,MSFT
2017-09-01 04:00:00+00:00,74.6,74.74,73.64,73.94,21736211,MSFT
2017-09-05 04:00:00+00:00,73.36,73.89,72.98,73.61,22242384,MSFT
2017-09-06 04:00:00+00:00,73.74,74.04,73.35,73.4,16535811,MSFT
2017-09-07 04:00:00+00:00,73.7,74.6,73.6,74.34,17471700,MSFT
2017-09-08 04:00:00+00:00,74.33,74.44,73.84,73.98,15034238,MSFT
2017-09-11 04:00:00+00:00,74.45,74.945,74.31,74.76,17910383,MSFT
2017-09-12 04:00:00+00:00,74.82,75.24,74.37,74.68,14405554,MSFT
2017-09-13 04:00:00+00:00,74.7,75.23,74.55,75.21,13380802,MSFT
2017-09-14 04:00:00+00:00,75.0,75.49,74.52,74.77,15735040,MSFT
2017-09-15 04:00:00+00:00,74.84,75.39,74.07,75.31,38705098,MSFT
2017-09-18 04:00:00+00:00,75.25,75.97,75.04,75.16,23307071,MSFT
2017-09-19 04:00:00+00:00,75.34,75.71,75.01,75.44,16093429,MSFT
2017-09-20 04:00:00+00:00,75.35,75.55,74.31,74.94,21587878,MSFT
2017-09-21 04:00:00+00:00,75.11,75.24,74.11,74.21,19186140,MSFT
2017-09-22 04:00:00+00:00,73.98,74.51,73.85,74.41,14111414,MSFT
2017-09-25 04:00:00+00:00,74.09,74.25,72.92,73.26,24149826,MSFT
2017-09-26 04:00:00+00:00,73.67,73.81,72.99,73.26,18019592,MSFT
2017-09-27 04:00:00+00:00,73.69,74.17,73.17,73.85,19565691,MSFT
2017-09-28 04:00:00+00:00,73.55,73.97,73.31,73.87,10884196,MSFT
2017-09-29 04:00:00+00:00,73.94,74.535,73.88,74.49,17079193,MSFT
2017-10-02 04:00:00+00:00,74.71,75.01,74.295,74.61,15490262,MSFT
2017-10-03 04:00:00+00:00,74.56,74.88,74.195,74.26,12190405,MSFT
2017-10-04 04:00:00+00:00,74.0,74.72,73.71,74.69,13319045,MSFT
2017-10-05 04:00:00+00:00,75.22,76.12,74.96,75.97,21195411,MSFT
2017-10-06 04:00:00+00:00,75.62,76.03,75.54,76.0,13959889,MSFT
2017-10-09 04:00:00+00:00,76.0,76.55,75.86,76.29,11386502,MSFT
2017-10-10 04:00:00+00:00,76.33,76.63,76.14,76.29,13944715,MSFT
2017-10-11 04:00:00+00:00,76.36,76.46,75.95,76.42,15566886,MSFT
2017-10-12 04:00:00+00:00,76.4,77.29,76.37,77.12,17281202,MSFT
2017-10-13 04:00:00+00:00,77.57,77.87,77.29,77.49,15335742,MSFT
2017-10-16 04:00:00+00:00,77.35,77.81,77.35,77.65,12380296,MSFT
2017-10-17 04:00:00+00:00,77.52,77.62,77.25,77.59,17824948,MSFT
2017-10-18 04:00:00+00:00,77.65,77.85,77.37,77.61,13300803,MSFT
2017-10-19 04:00:00+00:00,77.48,77.93,77.35,77.91,15092758,MSFT
2017-10-20 04:00:00+00:00,78.32,78.97,78.22,78.81,22866427,MSFT
2017-10-23 04:00:00+00:00,79.0,79.34,78.76,78.83,20628274,MSFT
2017-10-24 04:00:00+00:00,78.9,79.2,78.46,78.86,17517457,MSFT
2017-10-25 04:00:00+00:00,78.6,79.1,78.01,78.63,20410908,MSFT
2017-10-26 04:00:00+00:00,79.25,79.42,78.75,78.76,32120717,MSFT
2017-10-27 04:00:00+00:00,84.29,86.2,83.61,83.81,71071729,MSFT
2017-10-30 04:00:00+00:00,83.8,84.325,83.105,83.89,31759468,MSFT
2017-10-31 04:00:00+00:00,84.36,84.36,83.11,83.18,27093475,MSFT
2017-11-01 04:00:00+00:00,83.67,83.76,82.88,83.18,22307371,MSFT
2017-11-02 04:00:00+00:00,83.28,84.46,83.12,84.05,23992945,MSFT
2017-11-03 04:00:00+00:00,84.16,84.54,83.4,84.14,17634103,MSFT
2017-11-06 05:00:00+00:00,84.21,84.7,84.0825,84.47,19860852,MSFT
2017-11-07 05:00:00+00:00,84.81,84.9,83.93,84.27,17939927,MSFT
2017-11-08 05:00:00+00:00,84.18,84.61,83.83,84.56,18625846,MSFT
2017-11-09 05:00:00+00:00,84.11,84.27,82.9,84.09,21178356,MSFT
2017-11-10 05:00:00+00:00,83.79,84.095,83.23,83.87,19443116,MSFT
2017-11-13 05:00:00+00:00,83.66,83.94,83.46,83.93,14198569,MSFT
2017-11-14 05:00:00+00:00,83.5,84.1,82.98,84.05,18801780,MSFT
2017-11-15 05:00:00+00:00,83.47,83.69,82.69,82.98,19567488,MSFT
2017-11-16 05:00:00+00:00,83.13,83.42,82.94,83.2,20962750,MSFT
2017-11-17 05:00:00+00:00,83.06,83.12,82.24,82.4,22079116,MSFT
2017-11-20 05:00:00+00:00,82.4,82.59,82.25,82.53,16315059,MSFT
2017-11-21 05:00:00+00:00,83.0,83.84,82.74,83.72,21271254,MSFT
2017-11-22 05:00:00+00:00,83.83,83.9,83.04,83.11,20553129,MSFT
2017-11-24 05:00:00+00:00,83.02,83.43,82.78,83.26,7425603,MSFT
2017-11-27 05:00:00+00:00,83.38,83.98,83.3,83.87,18266142,MSFT
2017-11-28 05:00:00+00:00,84.02,85.06,84.02,84.88,21925968,MSFT
2017-11-29 05:00:00+00:00,84.83,84.9172,83.175,83.34,27381557,MSFT
2017-11-30 05:00:00+00:00,83.62,84.52,83.34,84.17,33084911,MSFT
2017-12-01 05:00:00+00:00,83.52,84.81,83.22,84.26,29532132,MSFT
2017-12-04 05:00:00+00:00,84.41,84.4299,80.7,81.08,39145281,MSFT
2017-12-05 05:00:00+00:00,81.31,82.68,80.9801,81.59,26152386,MSFT
2017-12-06 05:00:00+00:00,81.58,83.14,81.43,82.78,26161805,MSFT
2017-12-07 05:00:00+00:00,82.58,82.8,82.0,82.49,23184602,MSFT
2017-12-08 05:00:00+00:00,83.41,84.58,83.33,84.16,24489573,MSFT
2017-12-11 05:00:00+00:00,84.27,85.37,84.12,85.23,22857862,MSFT
2017-12-12 05:00:00+00:00,85.34,86.05,85.08,85.58,24034506,MSFT
2017-12-13 05:00:00+00:00,85.74,86.0,85.17,85.35,22062789,MSFT
2017-12-14 05:00:00+00:00,85.72,85.8739,84.53,84.69,19306114,MSFT
2017-12-15 05:00:00+00:00,85.38,87.09,84.88,86.85,54394046,MSFT
2017-12-18 05:00:00+00:00,87.33,87.4999,86.23,86.38,22293632,MSFT
2017-12-19 05:00:00+00:00,86.35,86.35,85.27,85.83,23524787,MSFT
2017-12-20 05:00:00+00:00,86.16,86.3,84.71,85.52,23749176,MSFT
2017-12-21 05:00:00+00:00,86.05,86.1,85.4,85.5,17990806,MSFT
2017-12-22 05:00:00+00:00,85.4,85.63,84.92,85.51,14145961,MSFT
2017-12-26 05:00:00+00:00,85.31,85.5346,85.03,85.4,9904416,MSFT
2017-12-27 05:00:00+00:00,85.64,85.98,85.215,85.71,14678025,MSFT
2017-12-28 05:00:00+00:00,85.9,85.93,85.55,85.72,10594344,MSFT
2017-12-29 05:00:00+00:00,85.51,86.05,85.5,85.54,18717806,MSFT
2018-01-02 05:00:00+00:00,86.2,86.31,85.5,85.95,22484324,MSFT
2018-01-03 05:00:00+00:00,86.11,86.51,85.97,86.35,26992660,MSFT
2018-01-04 05:00:00+00:00,86.67,87.66,86.57,87.11,21915049,MSFT
2018-01-05 05:00:00+00:00,87.66,88.41,87.43,88.19,23415530,MSFT
2018-01-08 05:00:00+00:00,88.2,88.58,87.6046,88.28,22113149,MSFT
2018-01-09 05:00:00+00:00,88.65,88.7272,87.86,88.22,19484317,MSFT
2018-01-10 05:00:00+00:00,87.71,88.19,87.41,87.82,18652201,MSFT
2018-01-11 05:00:00+00:00,87.83,88.13,87.24,88.08,17809225,MSFT
2018-01-12 05:00:00+00:00,88.6,89.78,88.45,89.6,24272380,MSFT
2018-01-16 05:00:00+00:00,90.4,90.79,88.0104,88.35,36602784,MSFT
2018-01-17 05:00:00+00:00,89.14,90.28,88.75,90.14,25621564,MSFT
2018-01-18 05:00:00+00:00,89.85,90.67,89.66,90.1,24159783,MSFT
2018-01-19 05:00:00+00:00,90.23,90.61,89.66,90.0,36875013,MSFT
2018-01-22 05:00:00+00:00,90.0,91.62,89.74,91.61,23601742,MSFT
2018-01-23 05:00:00+00:00,91.9,92.3,91.54,91.9,23560353,MSFT
2018-01-24 05:00:00+00:00,92.58,93.43,91.58,91.82,33333283,MSFT
2018-01-25 05:00:00+00:00,92.55,93.24,91.93,92.33,26383256,MSFT
2018-01-26 05:00:00+00:00,93.0,94.06,92.58,94.06,29298167,MSFT
2018-01-29 05:00:00+00:00,95.1,95.45,93.72,93.92,31573050,MSFT
2018-01-30 05:00:00+00:00,93.49,93.66,92.1,92.74,38635389,MSFT
2018-01-31 05:00:00+00:00,93.82,95.4,93.51,95.01,48756443,MSFT
2018-02-01 05:00:00+00:00,94.89,96.07,93.5813,94.26,47233344,MSFT
2018-02-02 05:00:00+00:00,93.64,93.97,91.5,91.78,47867753,MSFT
2018-02-05 05:00:00+00:00,90.6,93.24,88.0,88.0,51036837,MSFT
2018-02-06 05:00:00+00:00,86.82,91.475,85.25,91.33,68027347,MSFT
2018-02-07 05:00:00+00:00,90.5,91.77,89.2,89.61,41109534,MSFT
2018-02-08 05:00:00+00:00,89.7,89.875,84.76,85.01,54839848,MSFT
2018-02-09 05:00:00+00:00,86.23,88.93,83.83,88.18,63654880,MSFT
2018-02-12 05:00:00+00:00,88.62,89.78,87.9295,89.13,35720581,MSFT
2018-02-13 05:00:00+00:00,88.44,90.0,87.8,89.83,26407702,MSFT
2018-02-14 05:00:00+00:00,88.6,90.99,88.41,90.81,34961887,MSFT
2018-02-15 05:00:00+00:00,91.15,92.72,90.62,92.66,27841654,MSFT
2018-02-16 05:00:00+00:00,92.45,93.5,91.8,92.0,30596919,MSFT
2018-02-20 05:00:00+00:00,91.39,93.06,91.01,92.72,30954060,MSFT
2018-02-21 05:00:00+00:00,92.95,93.3595,91.49,91.49,26924664,MSFT
2018-02-22 05:00:00+00:00,92.0,92.73,91.36,91.73,24392753,MSFT
2018-02-23 05:00:00+00:00,92.71,94.07,92.36,94.06,26378522,MSFT
2018-02-26 05:00:00+00:00,94.25,95.45,94.25,95.42,30199941,MSFT
2018-02-27 05:00:00+00:00,95.66,95.84,94.2,94.2,25871519,MSFT
2018-02-28 05:00:00+00:00,94.8,95.705,93.63,93.77,31167339,MSFT
2018-03-01 05:00:00+00:00,93.93,94.57,91.84,92.85,37135873,MSFT
2018-03-02 05:00:00+00:00,91.52,93.15,90.86,93.05,32846628,MSFT
2018-03-05 05:00:00+00:00,92.47,94.27,92.26,93.64,23962652,MSFT
2018-03-06 05:00:00+00:00,94.34,94.49,92.941,93.32,22175776,MSFT
2018-03-07 05:00:00+00:00,92.84,93.9406,92.43,93.86,26734127,MSFT
2018-03-08 05:00:00+00:00,94.1,95.1,93.765,94.43,27634121,MSFT
2018-03-09 05:00:00+00:00,95.33,96.54,95.0,96.54,36937302,MSFT
2018-03-12 04:00:00+00:00,96.53,97.21,96.04,96.77,26073763,MSFT
2018-03-13 04:00:00+00:00,97.0,97.24,93.97,94.41,35478175,MSFT
2018-03-14 04:00:00+00:00,95.18,95.41,93.5,93.85,32132456,MSFT
2018-03-15 04:00:00+00:00,93.54,94.58,92.83,94.18,27611005,MSFT
2018-03-16 04:00:00+00:00,94.7,95.38,93.92,94.6,49203640,MSFT
2018-03-19 04:00:00+00:00,93.74,93.9,92.11,92.89,33344085,MSFT
2018-03-20 04:00:00+00:00,93.01,93.77,93.0,93.13,24248624,MSFT
2018-03-21 04:00:00+00:00,92.93,94.05,92.21,92.48,24457082,MSFT
2018-03-22 04:00:00+00:00,91.48,91.75,89.66,89.79,38604828,MSFT
2018-03-23 04:00:00+00:00,89.45,90.46,87.08,87.18,44069178,MSFT
2018-03-26 04:00:00+00:00,90.56,94.0,90.4,93.78,56449480,MSFT
2018-03-27 04:00:00+00:00,94.89,95.139,88.51,89.47,56569011,MSFT
2018-03-28 04:00:00+00:00,89.89,91.23,88.873,89.39,52499876,MSFT
2018-03-29 04:00:00+00:00,90.24,92.29,88.4,91.27,46124777,MSFT
2018-04-02 04:00:00+00:00,90.54,90.88,87.51,88.52,48642850,MSFT
2018-04-03 04:00:00+00:00,89.66,90.05,87.89,89.71,37214189,MSFT
2018-04-04 04:00:00+00:00,87.94,92.76,87.73,92.33,35559971,MSFT
2018-04-05 04:00:00+00:00,92.5,93.065,91.4,92.38,29771881,MSFT
2018-04-06 04:00:00+00:00,91.49,92.46,89.48,90.23,38026000,MSFT
2018-04-09 04:00:00+00:00,91.13,93.17,90.62,90.77,31530143,MSFT
2018-04-10 04:00:00+00:00,92.39,93.28,91.64,92.88,26959695,MSFT
2018-04-11 04:00:00+00:00,92.04,93.29,91.48,91.86,24872110,MSFT
2018-04-12 04:00:00+00:00,92.55,94.16,92.43,93.58,26855876,MSFT
2018-04-13 04:00:00+00:00,94.08,94.18,92.44,93.08,23346663,MSFT
2018-04-16 04:00:00+00:00,94.02,94.66,93.42,94.17,20289552,MSFT
2018-04-17 04:00:00+00:00,95.0,96.54,94.88,96.07,26771089,MSFT
2018-04-18 04:00:00+00:00,96.2,96.72,95.52,96.44,21048018,MSFT
2018-04-19 04:00:00+00:00,96.44,97.07,95.34,96.11,23552541,MSFT
2018-04-20 04:00:00+00:00,95.9,96.11,94.05,95.0,31154716,MSFT
2018-04-23 04:00:00+00:00,95.64,96.29,94.63,95.35,22334015,MSFT
2018-04-24 04:00:00+00:00,96.26,96.47,92.41,93.12,34524799,MSFT
2018-04-25 04:00:00+00:00,93.14,93.3,90.28,92.31,33734455,MSFT
2018-04-26 04:00:00+00:00,93.57,95.15,93.1,94.26,42598038,MSFT
2018-04-27 04:00:00+00:00,97.5,97.9,93.91,95.82,48272930,MSFT
2018-04-30 04:00:00+00:00,96.24,96.3964,93.15,93.52,41523605,MSFT
2018-05-01 04:00:00+00:00,93.21,95.29,92.79,95.0,31409017,MSFT
2018-05-02 04:00:00+00:00,95.0,95.17,93.19,93.51,27471134,MSFT
2018-05-03 04:00:00+00:00,93.0,94.925,92.45,94.07,31142548,MSFT
2018-05-04 04:00:00+00:00,93.37,95.37,92.92,95.16,22531383,MSFT
2018-05-07 04:00:00+00:00,95.18,96.71,95.1,96.22,24262669,MSFT
2018-05-08 04:00:00+00:00,95.87,96.16,95.0631,95.81,23484705,MSFT
2018-05-09 04:00:00+00:00,96.02,96.97,95.05,96.94,27327610,MSFT
2018-05-10 04:00:00+00:00,97.32,97.95,97.05,97.91,22388119,MSFT
2018-05-11 04:00:00+00:00,97.74,97.87,97.04,97.7,16778316,MSFT
2018-05-14 04:00:00+00:00,97.82,98.69,97.31,98.03,19454129,MSFT
2018-05-15 04:00:00+00:00,97.48,97.85,96.34,97.32,24594052,MSFT
2018-05-16 04:00:00+00:00,97.27,97.4,96.615,97.15,17429790,MSFT
2018-05-17 04:00:00+00:00,96.76,97.5401,95.83,96.18,17258060,MSFT
2018-05-18 04:00:00+00:00,96.3,96.93,96.01,96.36,17865840,MSFT
2018-05-21 04:00:00+00:00,96.99,98.01,96.8,97.6,19422467,MSFT
2018-05-22 04:00:00+00:00,97.71,98.17,97.2,97.5,15441189,MSFT
2018-05-23 04:00:00+00:00,96.68,98.73,96.32,98.66,21251222,MSFT
2018-05-24 04:00:00+00:00,98.8,98.94,96.81,98.31,26649368,MSFT
2018-05-25 04:00:00+00:00,98.3,98.98,97.86,98.36,18367108,MSFT
2018-05-29 04:00:00+00:00,97.78,98.88,97.23,98.01,28671081,MSFT
2018-05-30 04:00:00+00:00,98.43,99.25,97.91,98.95,22158580,MSFT
2018-05-31 04:00:00+00:00,99.19,99.99,98.61,98.84,34141001,MSFT
2018-06-01 04:00:00+00:00,99.26,100.86,99.17,100.79,28655674,MSFT
2018-06-04 04:00:00+00:00,101.26,101.86,100.851,101.67,27281913,MSFT
2018-06-05 04:00:00+00:00,102.0,102.33,101.53,102.19,23663366,MSFT
2018-06-06 04:00:00+00:00,102.5,102.6,101.9,102.49,21125051,MSFT
2018-06-07 04:00:00+00:00,102.68,102.69,100.38,100.88,28255402,MSFT
2018-06-08 04:00:00+00:00,101.0,101.95,100.54,101.63,22166027,MSFT
2018-06-11 04:00:00+00:00,101.44,101.59,100.67,101.05,23540394,MSFT
2018-06-12 04:00:00+00:00,101.05,101.4493,100.75,101.31,18325228,MSFT
2018-06-13 04:00:00+00:00,101.72,102.01,100.56,100.85,29492875,MSFT
2018-06-14 04:00:00+00:00,101.61,102.03,101.0,101.42,25692396,MSFT
2018-06-15 04:00:00+00:00,101.52,101.53,100.07,100.13,65749565,MSFT
2018-06-18 04:00:00+00:00,100.09,101.11,99.42,100.86,23626340,MSFT
2018-06-19 04:00:00+00:00,99.59,101.0,99.5,100.86,28653087,MSFT
2018-06-20 04:00:00+00:00,101.15,102.52,101.12,101.87,26180792,MSFT
2018-06-21 04:00:00+00:00,102.18,102.46,100.88,101.14,23400824,MSFT
2018-06-22 04:00:00+00:00,100.52,100.77,99.625,100.41,38923105,MSFT
2018-06-25 04:00:00+00:00,100.01,100.11,97.3,98.39,35434733,MSFT
2018-06-26 04:00:00+00:00,98.8,100.08,98.75,99.08,26897444,MSFT
2018-06-27 04:00:00+00:00,99.35,100.02,97.4,97.54,31298586,MSFT
2018-06-28 04:00:00+00:00,97.34,99.11,97.26,98.63,26650871,MSFT
2018-06-29 04:00:00+00:00,98.93,99.91,98.33,98.61,28053214,MSFT
2018-07-02 04:00:00+00:00,98.06,100.06,98.0,100.01,19642019,MSFT
2018-07-03 04:00:00+00:00,100.4,100.63,98.94,99.05,14687396,MSFT
2018-07-05 04:00:00+00:00,99.5,99.92,99.0299,99.76,18977702,MSFT
2018-07-06 04:00:00+00:00,99.96,101.43,99.67,101.16,19234652,MSFT
2018-07-09 04:00:00+00:00,101.55,102.25,101.251,101.85,18211980,MSFT
2018-07-10 04:00:00+00:00,102.06,102.51,101.86,102.12,19293170,MSFT
2018-07-11 04:00:00+00:00,101.2,102.34,101.1,101.98,19644648,MSFT
2018-07-12 04:00:00+00:00,102.73,104.41,102.73,104.19,24336329,MSFT
2018-07-13 04:00:00+00:00,104.25,105.6,104.09,105.43,24653812,MSFT
2018-07-16 04:00:00+00:00,105.45,105.82,104.515,104.91,21799839,MSFT
2018-07-17 04:00:00+00:00,104.61,106.5,104.32,105.95,25901726,MSFT
2018-07-18 04:00:00+00:00,105.94,106.05,104.715,105.12,29493991,MSFT
2018-07-19 04:00:00+00:00,104.93,105.31,103.89,104.4,40557955,MSFT
2018-07-20 04:00:00+00:00,108.15,108.2,106.08,106.27,56038827,MSFT
2018-07-23 04:00:00+00:00,106.3,108.14,106.13,107.97,29708883,MSFT
2018-07-24 04:00:00+00:00,108.5,108.82,107.26,107.66,26341959,MSFT
2018-07-25 04:00:00+00:00,107.98,111.15,107.6,110.83,30802958,MSFT
2018-07-26 04:00:00+00:00,110.63,111.0,109.5,109.62,31373382,MSFT
2018-07-27 04:00:00+00:00,110.1,110.18,106.14,107.68,37005331,MSFT
2018-07-30 04:00:00+00:00,107.25,107.53,104.76,105.37,34668550,MSFT
2018-07-31 04:00:00+00:00,106.42,106.72,105.38,106.08,27722406,MSFT
2018-08-01 04:00:00+00:00,105.8,106.446,105.42,106.28,23629287,MSFT
2018-08-02 04:00:00+00:00,105.25,108.09,104.84,107.57,26116838,MSFT
2018-08-03 04:00:00+00:00,107.68,108.05,106.82,108.04,18659599,MSFT
2018-08-06 04:00:00+00:00,108.0,108.42,107.559,108.13,20266047,MSFT
2018-08-07 04:00:00+00:00,108.55,109.1,108.17,108.88,16080474,MSFT
2018-08-08 04:00:00+00:00,109.07,109.75,108.7599,109.49,15487562,MSFT
2018-08-09 04:00:00+00:00,109.99,110.16,109.6,109.67,13701172,MSFT
2018-08-10 04:00:00+00:00,109.44,109.69,108.38,109.0,18183742,MSFT
2018-08-13 04:00:00+00:00,109.26,109.58,108.1,108.21,18480793,MSFT
2018-08-14 04:00:00+00:00,108.56,109.75,108.04,109.56,16788314,MSFT
2018-08-15 04:00:00+00:00,108.4,108.985,106.82,107.66,29988272,MSFT
2018-08-16 04:00:00+00:00,108.38,108.86,107.3,107.64,21385716,MSFT
2018-08-17 04:00:00+00:00,107.27,107.9,106.69,107.58,18061512,MSFT
2018-08-20 04:00:00+00:00,107.58,107.9,106.48,106.87,17914201,MSFT
2018-08-21 04:00:00+00:00,106.92,107.35,105.85,105.98,22882361,MSFT
2018-08-22 04:00:00+00:00,105.88,107.34,105.78,107.06,18011179,MSFT
2018-08-23 04:00:00+00:00,107.01,108.18,106.87,107.56,18168027,MSFT
2018-08-24 04:00:00+00:00,107.56,108.56,107.56,108.4,17234020,MSFT
2018-08-27 04:00:00+00:00,109.15,109.64,108.51,109.6,19662681,MSFT
2018-08-28 04:00:00+00:00,110.0,110.5,109.79,110.26,19441618,MSFT
2018-08-29 04:00:00+00:00,110.27,112.03,110.27,112.02,20818144,MSFT
2018-08-30 04:00:00+00:00,111.62,112.61,111.44,111.95,22798902,MSFT
2018-08-31 04:00:00+00:00,111.55,112.777,111.515,112.33,23222713,MSFT
2018-09-04 04:00:00+00:00,110.98,111.955,110.22,111.71,22634845,MSFT
2018-09-05 04:00:00+00:00,111.19,111.42,108.1,108.49,32872362,MSFT
2018-09-06 04:00:00+00:00,108.41,108.99,107.51,108.74,23477719,MSFT
2018-09-07 04:00:00+00:00,108.0,108.7248,107.23,108.21,22498646,MSFT
2018-09-10 04:00:00+00:00,108.8,109.64,108.36,109.38,20728405,MSFT
2018-09-11 04:00:00+00:00,108.98,111.59,108.89,111.24,24316294,MSFT
2018-09-12 04:00:00+00:00,111.43,111.85,110.51,111.71,18921468,MSFT
2018-09-13 04:00:00+00:00,112.12,113.725,112.12,112.91,26053420,MSFT
2018-09-14 04:00:00+00:00,113.36,113.73,112.44,113.37,19348139,MSFT
2018-09-17 04:00:00+00:00,113.57,113.7,111.86,112.14,20737719,MSFT
2018-09-18 04:00:00+00:00,112.0,113.695,111.72,113.21,22171094,MSFT
2018-09-19 04:00:00+00:00,113.05,113.32,111.035,111.7,21728479,MSFT
2018-09-20 04:00:00+00:00,112.26,113.8,111.93,113.57,23714783,MSFT
2018-09-21 04:00:00+00:00,114.2,115.29,113.51,114.26,71230698,MSFT
2018-09-24 04:00:00+00:00,113.2,114.9,112.2175,114.67,27334730,MSFT
2018-09-25 04:00:00+00:00,114.8,115.1,113.75,114.45,22691572,MSFT
2018-09-26 04:00:00+00:00,114.47,115.055,113.74,113.98,19352075,MSFT
2018-09-27 04:00:00+00:00,114.62,114.91,114.2,114.41,19092299,MSFT
2018-09-28 04:00:00+00:00,114.17,114.57,113.68,114.37,21659136,MSFT
2018-10-01 04:00:00+00:00,114.92,115.68,114.73,115.61,18883081,MSFT
2018-10-02 04:00:00+00:00,115.3,115.84,114.44,115.15,20787569,MSFT
2018-10-03 04:00:00+00:00,115.42,116.18,114.93,115.17,16668755,MSFT
2018-10-04 04:00:00+00:00,114.61,114.7588,111.63,112.79,34928597,MSFT
2018-10-05 04:00:00+00:00,112.63,113.17,110.64,112.13,29068946,MSFT
2018-10-08 04:00:00+00:00,111.55,112.03,109.34,110.85,29682889,MSFT
2018-10-09 04:00:00+00:00,111.01,113.08,110.8,112.26,26198814,MSFT
2018-10-10 04:00:00+00:00,111.24,111.5,105.79,106.16,61378672,MSFT
2018-10-11 04:00:00+00:00,105.69,108.93,104.2,105.91,63904492,MSFT
2018-10-12 04:00:00+00:00,109.08,111.24,107.12,109.57,47742359,MSFT
2018-10-15 04:00:00+00:00,108.93,109.48,106.9468,107.6,32068157,MSFT
2018-10-16 04:00:00+00:00,109.54,111.41,108.95,111.0,31646619,MSFT
2018-10-17 04:00:00+00:00,111.66,111.81,109.5482,110.71,26548543,MSFT
2018-10-18 04:00:00+00:00,110.13,110.53,107.83,108.5,32506238,MSFT
2018-10-19 04:00:00+00:00,108.94,110.86,108.21,108.66,32829182,MSFT
2018-10-22 04:00:00+00:00,109.32,110.54,108.24,109.63,26549824,MSFT
2018-10-23 04:00:00+00:00,107.5,108.97,105.11,108.1,43775529,MSFT
2018-10-24 04:00:00+00:00,108.45,108.49,101.5901,102.32,63897759,MSFT
2018-10-25 04:00:00+00:00,106.5,109.27,106.15,108.3,61646819,MSFT
2018-10-26 04:00:00+00:00,105.63,108.75,104.76,106.96,55523354,MSFT
2018-10-29 04:00:00+00:00,107.89,108.7,101.63,103.85,55203925,MSFT
2018-10-30 04:00:00+00:00,103.66,104.38,100.11,103.73,65360668,MSFT
2018-10-31 04:00:00+00:00,105.71,108.14,105.39,106.81,51076599,MSFT
2018-11-01 04:00:00+00:00,107.14,107.32,105.53,105.92,33393201,MSFT
2018-11-02 04:00:00+00:00,106.43,107.32,104.975,106.16,37680296,MSFT
2018-11-05 05:00:00+00:00,106.38,107.74,105.9,107.51,27924886,MSFT
2018-11-06 05:00:00+00:00,107.36,108.84,106.28,107.72,24340280,MSFT
2018-11-07 05:00:00+00:00,109.45,112.24,109.4,111.96,37943165,MSFT
2018-11-08 05:00:00+00:00,111.77,112.21,110.91,111.75,25644106,MSFT
2018-11-09 05:00:00+00:00,110.79,111.45,108.76,109.57,32039523,MSFT
2018-11-12 05:00:00+00:00,109.42,109.96,106.1,106.87,33622896,MSFT
2018-11-13 05:00:00+00:00,107.55,108.74,106.64,106.94,35374584,MSFT
2018-11-14 05:00:00+00:00,108.06,108.26,104.47,104.97,39495471,MSFT
2018-11-15 05:00:00+00:00,104.74,107.8,103.91,107.28,38505815,MSFT
2018-11-16 05:00:00+00:00,107.01,108.88,106.8,108.29,33551574,MSFT
2018-11-19 05:00:00+00:00,108.13,108.56,103.55,104.62,44774029,MSFT
2018-11-20 05:00:00+00:00,101.63,102.97,99.3528,101.71,64052532,MSFT
2018-11-21 05:00:00+00:00,103.4,104.43,102.24,103.11,28130621,MSFT
2018-11-23 05:00:00+00:00,102.11,103.8099,102.0,103.07,13823099,MSFT
2018-11-26 05:00:00+00:00,104.81,106.63,104.58,106.47,32336207,MSFT
2018-11-27 05:00:00+00:00,106.16,107.33,105.36,107.14,29124486,MSFT
2018-11-28 05:00:00+00:00,107.86,111.33,107.86,111.12,46788861,MSFT
2018-11-29 05:00:00+00:00,110.2,111.115,109.03,110.19,28123220,MSFT
2018-11-30 05:00:00+00:00,110.77,110.97,109.36,110.89,33665651,MSFT
2018-12-03 05:00:00+00:00,112.87,113.42,110.73,112.09,34765497,MSFT
2018-12-04 05:00:00+00:00,111.83,112.6373,108.2115,108.52,45196984,MSFT
2018-12-06 05:00:00+00:00,106.0,109.24,105.0,109.19,49108073,MSFT
2018-12-07 05:00:00+00:00,108.38,109.45,104.3,104.82,45044937,MSFT
2018-12-10 05:00:00+00:00,104.8,107.98,103.89,107.59,40801525,MSFT
2018-12-11 05:00:00+00:00,109.8,110.95,107.44,108.59,42389826,MSFT
2018-12-12 05:00:00+00:00,110.84,111.27,109.04,109.08,36415320,MSFT
2018-12-13 05:00:00+00:00,109.6,110.87,108.63,109.45,31333362,MSFT
2018-12-14 05:00:00+00:00,108.3,109.26,105.5,106.03,47043331,MSFT
2018-12-17 05:00:00+00:00,105.41,105.8,101.71,102.89,56959699,MSFT
2018-12-18 05:00:00+00:00,103.76,104.51,102.52,103.97,49418921,MSFT
2018-12-19 05:00:00+00:00,103.67,106.88,101.35,103.69,68198225,MSFT
2018-12-20 05:00:00+00:00,103.05,104.31,98.78,101.51,70336594,MSFT
2018-12-21 05:00:00+00:00,101.27,103.0,97.46,98.23,111242346,MSFT
2018-12-24 05:00:00+00:00,97.61,97.97,93.98,94.13,43936382,MSFT
2018-12-26 05:00:00+00:00,95.17,100.69,93.96,100.56,51641375,MSFT
2018-12-27 05:00:00+00:00,99.3,101.19,96.4,101.18,49502509,MSFT
2018-12-28 05:00:00+00:00,102.06,102.41,99.52,100.39,38169317,MSFT
2018-12-31 05:00:00+00:00,101.18,102.4,100.44,101.57,33173765,MSFT
2019-01-02 05:00:00+00:00,99.53,101.75,98.94,101.12,36961439,MSFT
2019-01-03 05:00:00+00:00,100.09,100.185,97.2,97.4,42578679,MSFT
2019-01-04 05:00:00+00:00,99.65,102.51,98.93,101.93,44060721,MSFT
2019-01-07 05:00:00+00:00,101.64,103.2681,100.98,102.06,35656201,MSFT
2019-01-08 05:00:00+00:00,103.09,103.97,101.7134,102.8,31539754,MSFT
2019-01-09 05:00:00+00:00,103.75,104.88,103.2445,104.27,32281193,MSFT
2019-01-10 05:00:00+00:00,103.12,103.75,102.38,103.6,30067764,MSFT
2019-01-11 05:00:00+00:00,103.13,103.44,101.64,102.8,28314206,MSFT
2019-01-14 05:00:00+00:00,101.98,102.8716,101.26,102.05,28437079,MSFT
2019-01-15 05:00:00+00:00,102.36,105.05,101.88,105.01,31587636,MSFT
2019-01-16 05:00:00+00:00,105.31,106.255,104.96,105.38,29982711,MSFT
2019-01-17 05:00:00+00:00,105.06,106.625,104.76,106.12,28393151,MSFT
2019-01-18 05:00:00+00:00,107.51,107.9,105.91,107.71,37427587,MSFT
2019-01-22 05:00:00+00:00,106.91,107.1,104.86,105.68,32371253,MSFT
2019-01-23 05:00:00+00:00,106.12,107.04,105.34,106.71,25921794,MSFT
2019-01-24 05:00:00+00:00,107.0,107.0,105.34,106.2,23367797,MSFT
2019-01-25 05:00:00+00:00,107.18,107.88,106.2,107.17,31239662,MSFT
2019-01-28 05:00:00+00:00,106.4,106.48,104.66,105.08,29482729,MSFT
2019-01-29 05:00:00+00:00,104.88,104.97,102.17,102.94,31490818,MSFT
2019-01-30 05:00:00+00:00,104.62,106.38,104.33,106.38,49488673,MSFT
2019-01-31 05:00:00+00:00,103.8,105.22,103.18,104.43,55672506,MSFT
2019-02-01 05:00:00+00:00,103.91,104.0999,102.35,102.78,35753693,MSFT
2019-02-04 05:00:00+00:00,103.04,105.8,102.77,105.74,31315682,MSFT
2019-02-05 05:00:00+00:00,106.1,107.27,105.96,107.22,27325365,MSFT
2019-02-06 05:00:00+00:00,107.0,107.0,105.53,106.03,20609999,MSFT
2019-02-07 05:00:00+00:00,105.16,105.59,104.29,105.27,29760851,MSFT
2019-02-08 05:00:00+00:00,104.4,105.78,104.2603,105.67,21461363,MSFT
2019-02-11 05:00:00+00:00,106.03,106.58,104.965,105.25,18914143,MSFT
2019-02-12 05:00:00+00:00,106.08,107.14,105.48,106.89,25057742,MSFT
2019-02-13 05:00:00+00:00,107.49,107.78,106.71,106.81,18394869,MSFT
2019-02-14 05:00:00+00:00,106.31,107.29,105.66,106.9,21793203,MSFT
2019-02-15 05:00:00+00:00,107.9,108.3,107.3624,108.22,26613990,MSFT
2019-02-19 05:00:00+00:00,107.79,108.66,107.78,108.17,18038784,MSFT
2019-02-20 05:00:00+00:00,107.84,107.94,106.29,107.15,21606934,MSFT
2019-02-21 05:00:00+00:00,106.93,109.48,106.87,109.41,29063567,MSFT
2019-02-22 05:00:00+00:00,110.0,111.2,109.82,110.97,27763883,MSFT
2019-02-25 05:00:00+00:00,111.62,112.18,111.26,111.59,23750729,MSFT
2019-02-26 05:00:00+00:00,111.17,113.24,111.17,112.36,21537039,MSFT
2019-02-27 05:00:00+00:00,111.69,112.36,110.88,112.17,21488862,MSFT
2019-02-28 05:00:00+00:00,112.04,112.88,111.73,112.03,29083934,MSFT
2019-03-01 05:00:00+00:00,112.76,113.02,111.665,112.53,23501220,MSFT
2019-03-04 05:00:00+00:00,112.87,113.25,110.8,112.26,26608014,MSFT
2019-03-05 05:00:00+00:00,112.19,112.39,111.23,111.7,19538326,MSFT
2019-03-06 05:00:00+00:00,111.87,112.66,111.43,111.75,17686996,MSFT
2019-03-07 05:00:00+00:00,111.33,111.55,109.865,110.39,25437104,MSFT
2019-03-08 05:00:00+00:00,109.3,110.71,108.8,110.51,22818430,MSFT
2019-03-11 04:00:00+00:00,110.99,112.95,110.98,112.83,26491985,MSFT
2019-03-12 04:00:00+00:00,113.0,113.99,112.6499,113.62,26226785,MSFT
2019-03-13 04:00:00+00:00,114.0,115.0,113.78,114.5,35513771,MSFT
2019-03-14 04:00:00+00:00,114.46,115.2,114.33,114.59,30763793,MSFT
2019-03-15 04:00:00+00:00,115.25,117.25,114.59,115.91,54630791,MSFT
2019-03-18 04:00:00+00:00,116.05,117.61,116.05,117.57,31208948,MSFT
2019-03-19 04:00:00+00:00,118.0,118.44,116.99,117.65,37775296,MSFT
2019-03-20 04:00:00+00:00,117.28,118.75,116.71,117.52,28113395,MSFT
2019-03-21 04:00:00+00:00,117.36,120.82,117.09,120.22,29894546,MSFT
2019-03-22 04:00:00+00:00,119.42,119.59,117.04,117.05,33827584,MSFT
2019-03-25 04:00:00+00:00,116.56,118.01,116.3224,117.66,27067117,MSFT
2019-03-26 04:00:00+00:00,118.28,118.705,116.85,117.91,26097828,MSFT
2019-03-27 04:00:00+00:00,117.93,118.21,115.5215,116.77,22733427,MSFT
2019-03-28 04:00:00+00:00,117.36,117.58,116.13,116.93,18334755,MSFT
2019-03-29 04:00:00+00:00,118.07,118.32,116.96,117.94,25766273,MSFT
2019-04-01 04:00:00+00:00,118.53,119.1085,118.1,119.02,23554516,MSFT
2019-04-02 04:00:00+00:00,119.01,119.48,118.52,119.19,18142309,MSFT
2019-04-03 04:00:00+00:00,119.88,120.43,119.15,119.97,22860794,MSFT
2019-04-04 04:00:00+00:00,120.0,120.23,118.38,119.36,20113019,MSFT
2019-04-05 04:00:00+00:00,119.39,120.23,119.37,119.89,16016345,MSFT
2019-04-08 04:00:00+00:00,119.81,120.02,118.64,119.93,15116586,MSFT
2019-04-09 04:00:00+00:00,118.75,119.54,118.58,119.28,17612040,MSFT
2019-04-10 04:00:00+00:00,119.75,120.35,119.54,120.19,16519313,MSFT
2019-04-11 04:00:00+00:00,120.5,120.85,119.92,120.33,14209236,MSFT
2019-04-12 04:00:00+00:00,120.71,120.98,120.37,120.95,19745198,MSFT
2019-04-15 04:00:00+00:00,121.0,121.58,120.57,121.05,15792742,MSFT
2019-04-16 04:00:00+00:00,121.55,121.65,120.1,120.77,14072387,MSFT
2019-04-17 04:00:00+00:00,121.2,121.85,120.54,121.77,19398853,MSFT
2019-04-18 04:00:00+00:00,122.22,123.52,121.3018,123.37,27990998,MSFT
2019-04-22 04:00:00+00:00,122.65,124.0,122.57,123.76,15648789,MSFT
2019-04-23 04:00:00+00:00,124.1,128.28,123.83,125.44,24064461,MSFT
2019-04-24 04:00:00+00:00,125.76,125.85,124.52,125.01,31257085,MSFT
2019-04-25 04:00:00+00:00,130.0,131.37,128.83,129.15,38035084,MSFT
2019-04-26 04:00:00+00:00,129.79,130.5152,129.02,129.89,23655133,MSFT
2019-04-29 04:00:00+00:00,130.0,130.18,129.35,129.77,16325449,MSFT
2019-04-30 04:00:00+00:00,129.81,130.7,129.3947,130.6,24166716,MSFT
2019-05-01 04:00:00+00:00,130.59,130.65,127.7,127.88,26821713,MSFT
2019-05-02 04:00:00+00:00,127.98,128.0,125.52,126.21,27350161,MSFT
2019-05-03 04:00:00+00:00,127.42,129.43,127.25,128.9,24912269,MSFT
2019-05-06 04:00:00+00:00,126.33,128.56,126.11,128.15,24239514,MSFT
2019-05-07 04:00:00+00:00,126.5,127.18,124.22,125.52,36017941,MSFT
2019-05-08 04:00:00+00:00,125.44,126.37,124.75,125.51,28419194,MSFT
2019-05-09 04:00:00+00:00,124.26,125.79,123.57,125.5,27238560,MSFT
2019-05-10 04:00:00+00:00,125.23,127.93,123.82,127.13,30931264,MSFT
2019-05-13 04:00:00+00:00,124.25,125.55,123.04,123.35,33945383,MSFT
2019-05-14 04:00:00+00:00,123.89,125.88,123.7,124.73,25266315,MSFT
2019-05-15 04:00:00+00:00,124.06,126.71,123.7,126.02,24739208,MSFT
2019-05-16 04:00:00+00:00,126.79,129.38,126.46,128.93,30112493,MSFT
2019-05-17 04:00:00+00:00,128.3,130.46,127.92,128.07,25770546,MSFT
2019-05-20 04:00:00+00:00,126.41,127.5894,125.7607,126.22,23916959,MSFT
2019-05-21 04:00:00+00:00,127.49,127.5273,126.58,126.9,15293260,MSFT
2019-05-22 04:00:00+00:00,126.62,128.24,126.52,127.67,15396485,MSFT
2019-05-23 04:00:00+00:00,126.2,126.29,124.74,126.18,23603810,MSFT
2019-05-24 04:00:00+00:00,126.91,127.415,125.97,126.24,14123481,MSFT
2019-05-28 04:00:00+00:00,127.02,128.0,126.05,126.16,23129165,MSFT
2019-05-29 04:00:00+00:00,125.31,125.39,124.04,124.94,23013140,MSFT
2019-05-30 04:00:00+00:00,125.26,125.76,124.78,125.73,16884613,MSFT
2019-05-31 04:00:00+00:00,124.3,124.615,123.32,123.68,26646802,MSFT
2019-06-03 04:00:00+00:00,123.84,124.37,119.01,119.84,38017886,MSFT
2019-06-04 04:00:00+00:00,121.31,123.28,120.6522,123.16,29466692,MSFT
2019-06-05 04:00:00+00:00,124.95,125.87,124.21,125.83,24932943,MSFT
2019-06-06 04:00:00+00:00,126.31,127.97,125.6,127.82,21459001,MSFT
2019-06-07 04:00:00+00:00,128.9,132.25,128.26,131.4,33886238,MSFT
2019-06-10 04:00:00+00:00,132.4,134.08,132.0,132.6,26477798,MSFT
2019-06-11 04:00:00+00:00,133.88,134.24,131.2757,132.1,23913887,MSFT
2019-06-12 04:00:00+00:00,131.4,131.97,130.71,131.49,17092564,MSFT
2019-06-13 04:00:00+00:00,131.95,133.0,131.56,132.32,17202711,MSFT
2019-06-14 04:00:00+00:00,132.1,133.79,131.64,132.45,17821703,MSFT
2019-06-17 04:00:00+00:00,132.6,133.73,132.53,132.85,14518035,MSFT
2019-06-18 04:00:00+00:00,134.02,135.24,133.57,135.16,25949487,MSFT
2019-06-19 04:00:00+00:00,135.01,135.93,133.81,135.69,23744441,MSFT
2019-06-20 04:00:00+00:00,137.45,137.66,135.72,136.95,33092802,MSFT
2019-06-21 04:00:00+00:00,136.77,137.73,136.46,136.97,36900235,MSFT
2019-06-24 04:00:00+00:00,137.03,138.4,137.0,137.78,20629072,MSFT
2019-06-25 04:00:00+00:00,137.4,137.59,132.73,133.43,33384873,MSFT
2019-06-26 04:00:00+00:00,134.4,135.74,133.6,133.93,23657914,MSFT
2019-06-27 04:00:00+00:00,134.14,134.71,133.51,134.15,16557490,MSFT
2019-06-28 04:00:00+00:00,134.53,134.6,133.1558,133.96,30044934,MSFT
2019-07-01 04:00:00+00:00,136.51,136.7,134.97,135.68,22686920,MSFT
2019-07-02 04:00:00+00:00,136.0,136.59,135.34,136.58,15237843,MSFT
2019-07-03 04:00:00+00:00,136.81,137.74,136.295,137.46,13629399,MSFT
2019-07-05 04:00:00+00:00,136.08,137.33,135.72,137.06,18141141,MSFT
2019-07-08 04:00:00+00:00,136.21,137.1,135.3701,136.96,16820023,MSFT
2019-07-09 04:00:00+00:00,136.0,136.97,135.8,136.46,19953102,MSFT
2019-07-10 04:00:00+00:00,137.13,138.58,137.02,137.85,24204362,MSFT
2019-07-11 04:00:00+00:00,138.21,139.22,137.87,138.4,22328118,MSFT
2019-07-12 04:00:00+00:00,138.82,139.13,138.0099,138.9,18937590,MSFT
2019-07-15 04:00:00+00:00,139.5,139.54,138.46,138.9,16651652,MSFT
2019-07-16 04:00:00+00:00,138.83,139.05,136.52,137.08,22726630,MSFT
2019-07-17 04:00:00+00:00,137.64,137.93,136.22,136.27,20210956,MSFT
2019-07-18 04:00:00+00:00,135.39,136.62,134.67,136.42,30863322,MSFT
2019-07-19 04:00:00+00:00,140.22,140.67,136.45,136.62,48993275,MSFT
2019-07-22 04:00:00+00:00,137.79,139.19,137.33,138.43,25081060,MSFT
2019-07-23 04:00:00+00:00,139.75,139.99,138.03,139.29,18034589,MSFT
2019-07-24 04:00:00+00:00,139.0,140.74,138.85,140.72,21238465,MSFT
2019-07-25 04:00:00+00:00,140.28,140.61,139.3215,140.19,18356888,MSFT
2019-07-26 04:00:00+00:00,140.36,141.675,140.3,141.34,19076314,MSFT
2019-07-29 04:00:00+00:00,141.39,141.51,139.3663,141.03,16606170,MSFT
2019-07-30 04:00:00+00:00,140.0,141.2199,139.8005,140.35,16847128,MSFT
2019-07-31 04:00:00+00:00,140.09,140.49,135.08,136.27,38706969,MSFT
2019-08-01 04:00:00+00:00,137.0,140.9383,136.93,138.06,40557843,MSFT
2019-08-02 04:00:00+00:00,138.05,138.32,135.26,136.9,30793142,MSFT
2019-08-05 04:00:00+00:00,133.16,133.9298,130.78,132.21,42750774,MSFT
2019-08-06 04:00:00+00:00,133.91,135.68,133.21,134.69,32696746,MSFT
2019-08-07 04:00:00+00:00,133.59,135.65,131.8284,135.28,33414636,MSFT
2019-08-08 04:00:00+00:00,136.59,138.99,135.93,138.89,27497171,MSFT
2019-08-09 04:00:00+00:00,138.61,139.38,136.46,137.71,23466751,MSFT
2019-08-12 04:00:00+00:00,137.07,137.86,135.24,135.79,20484348,MSFT
2019-08-13 04:00:00+00:00,135.99,138.8,135.0,138.6,25497699,MSFT
2019-08-14 04:00:00+00:00,136.32,136.92,133.67,133.98,32529365,MSFT
2019-08-15 04:00:00+00:00,134.02,134.58,132.25,133.68,28125416,MSFT
2019-08-16 04:00:00+00:00,135.1,136.46,134.72,136.13,25026716,MSFT
2019-08-19 04:00:00+00:00,137.8,138.55,136.885,138.41,24370543,MSFT
2019-08-20 04:00:00+00:00,138.21,138.71,137.24,137.26,21448773,MSFT
2019-08-21 04:00:00+00:00,138.5,139.4935,138.0,138.79,14982609,MSFT
2019-08-22 04:00:00+00:00,138.66,139.2,136.29,137.78,18709877,MSFT
2019-08-23 04:00:00+00:00,137.1,138.35,132.8,133.39,38515410,MSFT
2019-08-26 04:00:00+00:00,134.99,135.56,133.9,135.45,20325664,MSFT
2019-08-27 04:00:00+00:00,136.42,136.72,134.66,135.74,23119685,MSFT
2019-08-28 04:00:00+00:00,134.88,135.76,133.55,135.56,17419668,MSFT
2019-08-29 04:00:00+00:00,137.09,138.44,136.91,138.12,20227459,MSFT
2019-08-30 04:00:00+00:00,139.1,139.18,136.27,137.86,23946343,MSFT
2019-09-03 04:00:00+00:00,136.39,137.2,135.7,136.04,18912604,MSFT
2019-09-04 04:00:00+00:00,137.17,137.69,136.48,137.63,18060798,MSFT
2019-09-05 04:00:00+00:00,139.0,140.3837,138.76,140.05,26123145,MSFT
2019-09-06 04:00:00+00:00,140.1,140.18,138.2,139.1,20862201,MSFT
2019-09-09 04:00:00+00:00,139.59,139.75,136.46,137.52,25775709,MSFT
2019-09-10 04:00:00+00:00,136.7,136.8862,134.51,136.08,28904418,MSFT
2019-09-11 04:00:00+00:00,135.68,136.27,135.09,136.12,24726942,MSFT
2019-09-12 04:00:00+00:00,137.64,138.42,136.87,137.52,27009981,MSFT
2019-09-13 04:00:00+00:00,137.78,138.06,136.57,137.32,23364298,MSFT
2019-09-16 04:00:00+00:00,135.68,136.7,135.66,136.33,16734753,MSFT
2019-09-17 04:00:00+00:00,136.95,137.52,136.425,137.39,17976301,MSFT
2019-09-18 04:00:00+00:00,137.36,138.67,136.5299,138.52,24501202,MSFT
2019-09-19 04:00:00+00:00,140.23,142.37,140.0736,141.07,36095413,MSFT
2019-09-20 04:00:00+00:00,141.15,141.65,138.25,139.44,40060519,MSFT
2019-09-23 04:00:00+00:00,139.13,139.63,138.44,139.14,17955996,MSFT
2019-09-24 04:00:00+00:00,140.0,140.69,136.88,137.38,30017210,MSFT
2019-09-25 04:00:00+00:00,137.5,139.958,136.03,139.36,22642591,MSFT
2019-09-26 04:00:00+00:00,139.44,140.18,138.44,139.54,17813827,MSFT
2019-09-27 04:00:00+00:00,140.34,140.36,136.645,137.73,22499039,MSFT
2019-09-30 04:00:00+00:00,138.19,139.215,137.78,139.03,18659892,MSFT
2019-10-01 04:00:00+00:00,139.66,140.25,137.0,137.07,22582964,MSFT
2019-10-02 04:00:00+00:00,136.34,136.37,133.5799,134.65,32001863,MSFT
2019-10-03 04:00:00+00:00,134.78,136.75,133.22,136.28,26379799,MSFT
2019-10-04 04:00:00+00:00,136.69,138.25,136.42,138.12,23839548,MSFT
2019-10-07 04:00:00+00:00,137.37,138.18,137.02,137.12,16613784,MSFT
2019-10-08 04:00:00+00:00,137.14,137.76,135.62,135.67,26783396,MSFT
2019-10-09 04:00:00+00:00,137.31,138.7,136.97,138.24,20220552,MSFT
2019-10-10 04:00:00+00:00,138.5,139.6699,138.25,139.1,18397155,MSFT
2019-10-11 04:00:00+00:00,140.12,141.03,139.5,139.68,25551194,MSFT
2019-10-14 04:00:00+00:00,139.69,140.29,139.52,139.55,13591639,MSFT
2019-10-15 04:00:00+00:00,140.0,141.79,139.81,141.575,19918552,MSFT
2019-10-16 04:00:00+00:00,140.85,140.99,139.53,140.41,20841689,MSFT
2019-10-17 04:00:00+00:00,141.0,141.42,139.02,139.69,22102797,MSFT
2019-10-18 04:00:00+00:00,139.87,140.0,136.56,137.41,32284478,MSFT
2019-10-21 04:00:00+00:00,138.48,138.5,137.01,138.43,20716105,MSFT
2019-10-22 04:00:00+00:00,138.98,140.01,136.26,136.37,28005552,MSFT
2019-10-23 04:00:00+00:00,136.72,137.45,135.61,137.24,31508319,MSFT
2019-10-24 04:00:00+00:00,139.43,140.42,138.67,139.94,37285849,MSFT
2019-10-25 04:00:00+00:00,139.48,141.14,139.2,140.73,25959728,MSFT
2019-10-28 04:00:00+00:00,144.6,145.67,143.51,144.19,35281718,MSFT
2019-10-29 04:00:00+00:00,144.04,144.5,142.65,142.83,20589569,MSFT
2019-10-30 04:00:00+00:00,143.62,145.0,142.79,144.61,18521651,MSFT
2019-10-31 04:00:00+00:00,144.86,144.93,142.99,143.37,24605447,MSFT
2019-11-01 04:00:00+00:00,144.31,144.42,142.965,143.72,33133343,MSFT
2019-11-04 05:00:00+00:00,144.96,145.0,144.16,144.55,16911999,MSFT
2019-11-05 05:00:00+00:00,145.0,145.02,143.905,144.46,18250457,MSFT
2019-11-06 05:00:00+00:00,144.17,144.52,143.2,144.06,16603298,MSFT
2019-11-07 05:00:00+00:00,144.1,144.88,143.77,144.26,17787023,MSFT
2019-11-08 05:00:00+00:00,144.04,145.99,143.76,145.96,16752939,MSFT
2019-11-11 05:00:00+00:00,145.37,146.42,144.73,146.11,14370196,MSFT
2019-11-12 05:00:00+00:00,146.2,147.57,146.06,147.07,18648712,MSFT
2019-11-13 05:00:00+00:00,146.74,147.4625,146.28,147.31,17444319,MSFT
2019-11-14 05:00:00+00:00,147.11,148.41,147.0,148.06,19755100,MSFT
2019-11-15 05:00:00+00:00,149.0,149.99,148.27,149.97,23510503,MSFT
2019-11-18 05:00:00+00:00,150.0,150.55,148.98,150.34,21554947,MSFT
2019-11-19 05:00:00+00:00,150.85,151.33,150.195,150.39,23960826,MSFT
2019-11-20 05:00:00+00:00,150.4,150.84,148.46,149.62,25920885,MSFT
2019-11-21 05:00:00+00:00,149.46,149.8,148.501,149.48,18576110,MSFT
2019-11-22 05:00:00+00:00,150.0,150.3,148.82,149.59,15906680,MSFT
2019-11-25 05:00:00+00:00,150.0,151.35,149.92,151.23,22428733,MSFT
2019-11-26 05:00:00+00:00,151.43,152.42,151.32,152.03,24647798,MSFT
2019-11-27 05:00:00+00:00,152.33,152.5,151.52,152.32,15201308,MSFT
2019-11-29 05:00:00+00:00,152.0,152.3,151.28,151.38,11977302,MSFT
2019-12-02 05:00:00+00:00,151.75,151.83,148.32,149.55,27473966,MSFT
2019-12-03 05:00:00+00:00,147.39,149.43,146.65,149.31,25192269,MSFT
2019-12-04 05:00:00+00:00,150.0,150.1799,149.2,149.85,17581317,MSFT
2019-12-05 05:00:00+00:00,150.05,150.32,149.48,149.93,17880601,MSFT
2019-12-06 05:00:00+00:00,151.0,151.87,150.27,151.75,16410400,MSFT
2019-12-09 05:00:00+00:00,151.05,152.21,150.91,151.36,16741490,MSFT
2019-12-10 05:00:00+00:00,151.18,151.89,150.765,151.13,16481315,MSFT
2019-12-11 05:00:00+00:00,151.75,151.87,150.33,151.7,18860111,MSFT
2019-12-12 05:00:00+00:00,151.62,153.44,151.02,153.24,24645576,MSFT
2019-12-13 05:00:00+00:00,153.23,154.89,152.83,154.53,23850062,MSFT
2019-12-16 05:00:00+00:00,155.11,155.9,154.82,155.53,24252770,MSFT
2019-12-17 05:00:00+00:00,155.56,155.71,154.45,154.69,25445856,MSFT
2019-12-18 05:00:00+00:00,154.41,155.48,154.18,154.37,24132410,MSFT
2019-12-19 05:00:00+00:00,154.0,155.77,153.75,155.71,25813825,MSFT
2019-12-20 05:00:00+00:00,157.65,158.49,156.29,157.41,53599876,MSFT
2019-12-23 05:00:00+00:00,157.87,158.12,157.27,157.41,17726423,MSFT
2019-12-24 05:00:00+00:00,157.41,157.71,157.115,157.38,8989184,MSFT
2019-12-26 05:00:00+00:00,157.56,158.73,157.4,158.67,14527290,MSFT
2019-12-27 05:00:00+00:00,159.45,159.55,158.22,158.96,18414627,MSFT
2019-12-30 05:00:00+00:00,158.99,159.02,156.73,157.59,16356971,MSFT
2019-12-31 05:00:00+00:00,156.83,157.77,156.45,157.7,18393419,MSFT
2020-01-02 05:00:00+00:00,158.65,160.73,158.33,160.62,22634742,MSFT
2020-01-03 05:00:00+00:00,158.17,159.945,158.06,158.62,21121681,MSFT
2020-01-06 05:00:00+00:00,156.98,159.1,156.51,159.03,20827251,MSFT
2020-01-07 05:00:00+00:00,159.35,159.67,157.32,157.58,21881759,MSFT
2020-01-08 05:00:00+00:00,158.95,160.8,157.9491,160.09,27762126,MSFT
2020-01-09 05:00:00+00:00,161.84,162.215,161.03,162.09,21400194,MSFT
2020-01-10 05:00:00+00:00,162.85,163.22,161.18,161.34,21109422,MSFT
2020-01-13 05:00:00+00:00,161.83,163.31,161.26,163.28,21637984,MSFT
2020-01-14 05:00:00+00:00,163.37,163.6,161.72,162.13,23500793,MSFT
2020-01-15 05:00:00+00:00,162.67,163.94,162.57,163.18,21418641,MSFT
2020-01-16 05:00:00+00:00,164.31,166.24,164.03,166.17,23865761,MSFT
2020-01-17 05:00:00+00:00,167.41,167.4675,165.43,167.1,34771790,MSFT
2020-01-21 05:00:00+00:00,166.78,168.19,166.43,166.5,29541911,MSFT
2020-01-22 05:00:00+00:00,167.4,167.49,165.68,165.7,24139026,MSFT
2020-01-23 05:00:00+00:00,166.19,166.8,165.27,166.72,19680766,MSFT
2020-01-24 05:00:00+00:00,167.51,167.53,164.45,165.04,24918717,MSFT
2020-01-27 05:00:00+00:00,161.13,163.375,160.2,162.28,32113287,MSFT
2020-01-28 05:00:00+00:00,163.79,165.755,163.073,165.46,24900054,MSFT
2020-01-29 05:00:00+00:00,168.0,168.75,165.69,168.04,35127841,MSFT
2020-01-30 05:00:00+00:00,174.0,174.05,170.79,172.78,51598681,MSFT
2020-01-31 05:00:00+00:00,172.21,172.4,169.58,170.23,36142809,MSFT
2020-02-03 05:00:00+00:00,170.42,174.5,170.4,174.38,30149875,MSFT
2020-02-04 05:00:00+00:00,177.17,180.64,176.31,180.12,36433374,MSFT
2020-02-05 05:00:00+00:00,184.06,184.2,178.4101,179.9,39186674,MSFT
2020-02-06 05:00:00+00:00,181.06,183.8199,180.059,183.63,27756128,MSFT
2020-02-07 05:00:00+00:00,182.94,185.63,182.48,183.89,33529084,MSFT
2020-02-10 05:00:00+00:00,183.51,188.84,183.25,188.7,35844342,MSFT
2020-02-11 05:00:00+00:00,190.65,190.7,183.5,184.44,53161455,MSFT
2020-02-12 05:00:00+00:00,185.49,185.85,181.85,184.71,47078131,MSFT
2020-02-13 05:00:00+00:00,183.08,186.23,182.872,183.71,35295834,MSFT
2020-02-14 05:00:00+00:00,183.38,185.41,182.65,185.35,23149716,MSFT
2020-02-18 05:00:00+00:00,185.65,187.7,184.34,187.23,27854794,MSFT
2020-02-19 05:00:00+00:00,188.05,188.18,186.47,187.28,29997471,MSFT
2020-02-20 05:00:00+00:00,187.0,187.25,181.1,184.42,36862608,MSFT
2020-02-21 05:00:00+00:00,183.37,183.5,177.25,178.59,48623681,MSFT
2020-02-24 05:00:00+00:00,167.72,174.55,163.23,170.89,68312367,MSFT
2020-02-25 05:00:00+00:00,174.0,174.84,167.6462,168.07,68073512,MSFT
2020-02-26 05:00:00+00:00,169.61,173.26,168.21,170.17,56388043,MSFT
2020-02-27 05:00:00+00:00,163.37,167.03,157.98,158.18,93175914,MSFT
2020-02-28 05:00:00+00:00,152.81,163.71,152.0,162.01,97124619,MSFT
2020-03-02 05:00:00+00:00,165.0,172.92,162.31,172.79,71108311,MSFT
2020-03-03 05:00:00+00:00,173.8,175.0,162.26,164.51,71679110,MSFT
2020-03-04 05:00:00+00:00,168.58,170.7,165.62,170.55,50594270,MSFT
2020-03-05 05:00:00+00:00,166.09,170.87,165.69,166.27,47817612,MSFT
2020-03-06 05:00:00+00:00,162.49,163.11,156.0,161.57,72821542,MSFT
2020-03-09 04:00:00+00:00,150.5,157.75,150.0,150.62,70419416,MSFT
2020-03-10 04:00:00+00:00,158.13,161.03,152.58,160.92,65354439,MSFT
2020-03-11 04:00:00+00:00,157.25,157.7,151.15,153.63,56504345,MSFT
2020-03-12 04:00:00+00:00,145.48,153.47,138.58,139.06,93231988,MSFT
2020-03-13 04:00:00+00:00,147.51,161.91,140.73,158.83,92789858,MSFT
2020-03-16 04:00:00+00:00,138.15,149.35,135.0,135.42,88245902,MSFT
2020-03-17 04:00:00+00:00,140.01,147.4998,135.0,146.57,81059827,MSFT
2020-03-18 04:00:00+00:00,137.75,146.0,135.02,140.4,81593273,MSFT
2020-03-19 04:00:00+00:00,142.8,150.15,139.0,142.71,85935177,MSFT
2020-03-20 04:00:00+00:00,145.99,147.1,135.86,137.35,84866265,MSFT
2020-03-23 04:00:00+00:00,137.07,140.57,132.52,135.98,79059088,MSFT
2020-03-24 04:00:00+00:00,143.75,149.6,141.27,148.34,82576889,MSFT
2020-03-25 04:00:00+00:00,148.6,154.33,144.44,146.92,75638421,MSFT
2020-03-26 04:00:00+00:00,148.4,156.66,148.37,156.11,64705520,MSFT
2020-03-27 04:00:00+00:00,151.83,154.89,149.2,149.7,57042493,MSFT
2020-03-30 04:00:00+00:00,152.5,160.6,150.01,160.23,63428959,MSFT
2020-03-31 04:00:00+00:00,159.42,164.78,156.56,157.71,77963862,MSFT
2020-04-01 04:00:00+00:00,153.0,157.75,150.82,152.11,57975642,MSFT
2020-04-02 04:00:00+00:00,151.78,155.48,150.36,155.26,49630906,MSFT
2020-04-03 04:00:00+00:00,155.04,157.38,152.19,153.83,41244752,MSFT
2020-04-06 04:00:00+00:00,160.61,166.5,157.58,165.27,67112005,MSFT
2020-04-07 04:00:00+00:00,169.72,170.0,163.26,163.49,62780396,MSFT
2020-04-08 04:00:00+00:00,165.9,166.67,163.5,165.13,48318264,MSFT
2020-04-09 04:00:00+00:00,166.28,167.37,163.33,165.14,51432115,MSFT
2020-04-13 04:00:00+00:00,164.12,165.57,162.3,165.51,41905323,MSFT
2020-04-14 04:00:00+00:00,169.0,173.75,168.0,173.7,52892782,MSFT
2020-04-15 04:00:00+00:00,171.01,173.57,169.24,171.88,40943658,MSFT
2020-04-16 04:00:00+00:00,174.36,177.28,172.9,177.04,50479610,MSFT
2020-04-17 04:00:00+00:00,179.56,180.0,175.87,178.6,52765736,MSFT
2020-04-20 04:00:00+00:00,176.6,178.75,174.99,175.06,36669670,MSFT
2020-04-21 04:00:00+00:00,173.5,173.6699,166.1102,167.82,56203764,MSFT
2020-04-22 04:00:00+00:00,171.47,174.0,170.82,173.52,34656472,MSFT
2020-04-23 04:00:00+00:00,174.22,175.06,170.91,171.42,32791413,MSFT
2020-04-24 04:00:00+00:00,172.06,174.56,170.71,174.55,34305441,MSFT
2020-04-27 04:00:00+00:00,176.75,176.9,173.3,174.05,33194394,MSFT
2020-04-28 04:00:00+00:00,175.59,175.67,169.39,169.81,34392804,MSFT
2020-04-29 04:00:00+00:00,173.15,177.68,171.88,177.43,52286891,MSFT
2020-04-30 04:00:00+00:00,179.97,180.4,176.23,179.21,53876163,MSFT
2020-05-01 04:00:00+00:00,175.75,178.64,174.01,174.57,39434147,MSFT
2020-05-04 04:00:00+00:00,174.51,179.0,173.8,178.84,30373894,MSFT
2020-05-05 04:00:00+00:00,180.71,183.65,179.9,180.76,36846911,MSFT
2020-05-06 04:00:00+00:00,182.14,184.2,181.6306,182.54,32172100,MSFT
2020-05-07 04:00:00+00:00,184.19,186.5,182.58,183.6,28329612,MSFT
2020-05-08 04:00:00+00:00,184.9,185.0,183.36,184.68,30926659,MSFT
2020-05-11 04:00:00+00:00,183.01,187.51,182.85,186.74,30892699,MSFT
2020-05-12 04:00:00+00:00,186.73,187.04,182.3,182.51,32038754,MSFT
2020-05-13 04:00:00+00:00,182.51,184.05,176.54,179.75,44712718,MSFT
2020-05-14 04:00:00+00:00,177.6,180.69,175.68,180.53,41874711,MSFT
2020-05-15 04:00:00+00:00,179.54,187.06,177.0,183.16,46626183,MSFT
2020-05-18 04:00:00+00:00,185.5,186.2,183.96,184.91,35315457,MSFT
2020-05-19 04:00:00+00:00,184.92,186.6,183.49,183.63,26806336,MSFT
2020-05-20 04:00:00+00:00,184.8,185.85,183.94,185.66,31261554,MSFT
2020-05-21 04:00:00+00:00,185.4,186.67,183.29,183.43,29120069,MSFT
2020-05-22 04:00:00+00:00,183.18,184.46,182.54,183.51,20826898,MSFT
2020-05-26 04:00:00+00:00,186.49,186.5,181.1,181.57,36073745,MSFT
2020-05-27 04:00:00+00:00,180.04,181.9877,176.6,181.81,39519442,MSFT
2020-05-28 04:00:00+00:00,180.85,184.1474,180.38,181.4,33870644,MSFT
2020-05-29 04:00:00+00:00,182.81,184.27,180.41,183.25,42384056,MSFT
2020-06-01 04:00:00+00:00,182.43,183.0,181.46,182.83,22696787,MSFT
2020-06-02 04:00:00+00:00,184.2,185.0,181.35,184.91,30806210,MSFT
2020-06-03 04:00:00+00:00,184.91,185.94,183.58,185.36,27318781,MSFT
2020-06-04 04:00:00+00:00,184.3,185.84,182.3,182.92,28780809,MSFT
2020-06-05 04:00:00+00:00,182.47,187.73,182.01,187.2,39893891,MSFT
2020-06-08 04:00:00+00:00,185.61,188.55,184.44,188.36,33220708,MSFT
2020-06-09 04:00:00+00:00,188.07,190.7,187.2605,189.8,29785478,MSFT
2020-06-10 04:00:00+00:00,191.1,198.52,191.01,196.84,43879362,MSFT
2020-06-11 04:00:00+00:00,193.13,195.76,186.07,186.27,52875081,MSFT
2020-06-12 04:00:00+00:00,190.55,191.72,185.18,187.74,43374087,MSFT
2020-06-15 04:00:00+00:00,184.53,190.82,184.01,188.94,32772776,MSFT
2020-06-16 04:00:00+00:00,192.88,195.58,191.46,193.57,42556666,MSFT
2020-06-17 04:00:00+00:00,194.98,196.32,193.69,194.24,25687823,MSFT
2020-06-18 04:00:00+00:00,194.0,196.49,194.0,196.32,23062335,MSFT
2020-06-19 04:00:00+00:00,199.0,199.29,194.37,195.15,44445523,MSFT
2020-06-22 04:00:00+00:00,195.79,200.76,195.2301,200.57,32819194,MSFT
2020-06-23 04:00:00+00:00,201.97,203.95,201.425,201.91,30917709,MSFT
2020-06-24 04:00:00+00:00,201.9,203.25,196.56,197.84,36740647,MSFT
2020-06-25 04:00:00+00:00,197.81,200.61,195.4675,200.34,27804128,MSFT
2020-06-26 04:00:00+00:00,199.73,199.89,194.88,196.33,54702246,MSFT
2020-06-29 04:00:00+00:00,195.68,198.53,193.55,198.44,26701636,MSFT
2020-06-30 04:00:00+00:00,197.9,204.4,197.74,203.51,34311547,MSFT
2020-07-01 04:00:00+00:00,203.0,206.35,201.77,204.7,32072630,MSFT
2020-07-02 04:00:00+00:00,205.53,208.02,205.0,206.26,29315773,MSFT
2020-07-06 04:00:00+00:00,208.71,211.13,208.09,210.7,32033745,MSFT
2020-07-07 04:00:00+00:00,210.7,214.67,207.99,208.25,33601389,MSFT
2020-07-08 04:00:00+00:00,210.27,213.26,208.69,212.83,33601710,MSFT
2020-07-09 04:00:00+00:00,216.2,216.38,211.47,214.32,33121731,MSFT
2020-07-10 04:00:00+00:00,213.42,214.08,211.08,213.67,26178433,MSFT
2020-07-13 04:00:00+00:00,214.43,215.8,206.5,207.07,38135915,MSFT
2020-07-14 04:00:00+00:00,206.0,208.85,202.03,208.35,37606368,MSFT
2020-07-15 04:00:00+00:00,209.77,211.33,205.03,208.04,32230733,MSFT
2020-07-16 04:00:00+00:00,205.25,205.7,202.31,203.92,29940718,MSFT
2020-07-17 04:00:00+00:00,204.96,205.04,201.39,202.88,31636069,MSFT
2020-07-20 04:00:00+00:00,205.0,212.3,203.01,211.6,36884836,MSFT
2020-07-21 04:00:00+00:00,213.83,213.94,208.03,208.75,38105777,MSFT
2020-07-22 04:00:00+00:00,209.2,212.3,208.39,211.75,49605912,MSFT
2020-07-23 04:00:00+00:00,207.13,210.92,202.15,202.54,67459860,MSFT
2020-07-24 04:00:00+00:00,200.39,202.86,197.51,201.3,39828242,MSFT
2020-07-27 04:00:00+00:00,201.38,203.97,200.86,203.85,30161191,MSFT
2020-07-28 04:00:00+00:00,203.52,204.7,201.74,202.02,23251401,MSFT
2020-07-29 04:00:00+00:00,202.51,204.65,202.01,204.06,19632811,MSFT
2020-07-30 04:00:00+00:00,201.0,204.46,199.57,203.9,25079662,MSFT
2020-07-31 04:00:00+00:00,204.49,205.1,199.01,205.01,51267520,MSFT
2020-08-03 04:00:00+00:00,211.75,217.64,210.44,216.54,78983404,MSFT
2020-08-04 04:00:00+00:00,214.29,214.77,210.31,213.29,49282659,MSFT
2020-08-05 04:00:00+00:00,214.97,215.0,211.57,212.94,28858771,MSFT
2020-08-06 04:00:00+00:00,212.39,216.3705,211.55,216.35,32663143,MSFT
2020-08-07 04:00:00+00:00,215.0,215.7,210.93,212.48,27831491,MSFT
2020-08-10 04:00:00+00:00,211.4,211.88,206.35,208.25,36716691,MSFT
2020-08-11 04:00:00+00:00,207.21,207.65,203.14,203.38,36446672,MSFT
2020-08-12 04:00:00+00:00,205.29,210.28,204.75,209.19,28041389,MSFT
2020-08-13 04:00:00+00:00,209.6,211.35,208.15,208.7,22588870,MSFT
2020-08-14 04:00:00+00:00,208.7,209.59,207.51,208.9,17956536,MSFT
2020-08-17 04:00:00+00:00,209.43,211.1874,208.915,210.28,20186797,MSFT
2020-08-18 04:00:00+00:00,210.53,212.36,209.21,211.49,21336187,MSFT
2020-08-19 04:00:00+00:00,211.7,212.1,209.25,209.7,27627603,MSFT
2020-08-20 04:00:00+00:00,209.51,215.0,208.91,214.58,26981823,MSFT
2020-08-21 04:00:00+00:00,213.86,216.25,212.85,213.02,36263115,MSFT
2020-08-24 04:00:00+00:00,215.0,215.52,212.43,213.69,25473277,MSFT
2020-08-25 04:00:00+00:00,213.28,216.61,213.1,216.47,23044006,MSFT
2020-08-26 04:00:00+00:00,218.0,222.09,217.36,221.15,39600832,MSFT
2020-08-27 04:00:00+00:00,222.89,231.15,219.4,226.58,57612246,MSFT
2020-08-28 04:00:00+00:00,228.06,230.644,226.58,228.91,26314053,MSFT
2020-08-31 04:00:00+00:00,227.1,228.7,224.31,225.53,28779232,MSFT
2020-09-01 04:00:00+00:00,225.51,227.45,224.43,227.27,25791235,MSFT
2020-09-02 04:00:00+00:00,227.65,232.86,227.35,231.65,34080963,MSFT
2020-09-03 04:00:00+00:00,229.02,229.31,214.9602,217.3,58570024,MSFT
2020-09-04 04:00:00+00:00,215.19,218.3599,205.19,214.25,59664416,MSFT
2020-09-08 04:00:00+00:00,206.51,210.03,202.2,202.66,52926464,MSFT
2020-09-09 04:00:00+00:00,207.87,214.8399,206.7,211.29,45678987,MSFT
2020-09-10 04:00:00+00:00,213.46,214.74,204.11,205.37,35492914,MSFT
2020-09-11 04:00:00+00:00,207.5,208.63,201.24,204.03,33812131,MSFT
2020-09-14 04:00:00+00:00,204.44,209.2,204.03,205.41,30376358,MSFT
2020-09-15 04:00:00+00:00,208.4,209.78,206.93,208.78,21824449,MSFT
2020-09-16 04:00:00+00:00,210.62,210.65,204.64,205.05,26372349,MSFT
2020-09-17 04:00:00+00:00,200.49,204.33,199.96,202.91,34011635,MSFT
2020-09-18 04:00:00+00:00,202.91,203.65,196.25,200.39,55272349,MSFT
2020-09-21 04:00:00+00:00,197.0,202.71,196.38,202.54,39850754,MSFT
2020-09-22 04:00:00+00:00,205.11,208.1,202.075,207.42,34202480,MSFT
2020-09-23 04:00:00+00:00,208.0,208.1,200.03,200.59,30803782,MSFT
2020-09-24 04:00:00+00:00,200.0,205.57,199.2,203.19,31202493,MSFT
2020-09-25 04:00:00+00:00,203.41,209.04,202.54,207.82,29437312,MSFT
2020-09-28 04:00:00+00:00,210.64,212.57,208.06,209.44,32005286,MSFT
2020-09-29 04:00:00+00:00,209.44,210.07,206.81,207.26,24464667,MSFT
2020-09-30 04:00:00+00:00,207.78,211.98,206.54,210.33,33829382,MSFT
2020-10-01 04:00:00+00:00,213.51,213.99,211.32,212.46,27158419,MSFT
2020-10-02 04:00:00+00:00,208.0,210.99,205.54,206.19,33167891,MSFT
2020-10-05 04:00:00+00:00,207.25,210.41,206.98,210.38,21331966,MSFT
2020-10-06 04:00:00+00:00,209.0,210.18,204.82,205.91,28554261,MSFT
2020-10-07 04:00:00+00:00,207.06,210.11,206.72,209.83,25681079,MSFT
2020-10-08 04:00:00+00:00,210.51,211.19,208.32,210.58,19925852,MSFT
2020-10-09 04:00:00+00:00,211.25,215.86,211.23,215.81,26458378,MSFT
2020-10-12 04:00:00+00:00,218.67,223.86,216.81,221.4,40461789,MSFT
2020-10-13 04:00:00+00:00,222.47,225.21,220.43,222.86,28985119,MSFT
2020-10-14 04:00:00+00:00,222.96,224.22,219.13,220.86,23451715,MSFT
2020-10-15 04:00:00+00:00,216.95,220.36,216.01,219.66,22812658,MSFT
2020-10-16 04:00:00+00:00,220.42,222.29,219.32,219.66,26410282,MSFT
2020-10-19 04:00:00+00:00,220.45,222.3,213.72,214.22,27627041,MSFT
2020-10-20 04:00:00+00:00,215.91,217.37,213.0901,214.65,22753520,MSFT
2020-10-21 04:00:00+00:00,213.12,216.92,213.12,214.8,22724906,MSFT
2020-10-22 04:00:00+00:00,214.0,216.055,211.7,214.89,22351525,MSFT
2020-10-23 04:00:00+00:00,214.96,216.28,213.16,216.23,18888918,MSFT
2020-10-26 04:00:00+00:00,213.83,216.3399,208.1,210.08,37114960,MSFT
2020-10-27 04:00:00+00:00,211.76,214.67,210.329,213.25,36700975,MSFT
2020-10-28 04:00:00+00:00,207.5,208.84,202.1,202.68,51196037,MSFT
2020-10-29 04:00:00+00:00,204.0,207.36,203.37,204.72,31434545,MSFT
2020-10-30 04:00:00+00:00,203.64,204.29,199.62,202.47,36980222,MSFT
2020-11-02 05:00:00+00:00,204.42,205.28,200.12,202.33,30843728,MSFT
2020-11-03 05:00:00+00:00,203.69,208.12,203.12,206.43,27515318,MSFT
2020-11-04 05:00:00+00:00,214.09,218.32,212.4185,216.39,42311857,MSFT
2020-11-05 05:00:00+00:00,222.0,224.12,221.15,223.29,36081139,MSFT
2020-11-06 05:00:00+00:00,222.13,224.36,218.03,223.72,25247272,MSFT
2020-11-09 05:00:00+00:00,224.04,228.12,217.88,218.39,44403263,MSFT
2020-11-10 05:00:00+00:00,214.44,216.5,209.72,211.01,44045979,MSFT
2020-11-11 05:00:00+00:00,212.54,218.04,212.2,216.55,29475788,MSFT
2020-11-12 05:00:00+00:00,217.14,219.11,214.46,215.44,21694114,MSFT
2020-11-13 05:00:00+00:00,216.36,217.42,214.16,216.51,18630360,MSFT
2020-11-16 05:00:00+00:00,214.79,217.74,214.52,217.23,25719713,MSFT
2020-11-17 05:00:00+00:00,216.1,217.68,214.08,214.46,24415409,MSFT
2020-11-18 05:00:00+00:00,213.51,215.17,210.93,211.08,28372889,MSFT
2020-11-19 05:00:00+00:00,211.34,213.03,209.93,212.42,24792746,MSFT
2020-11-20 05:00:00+00:00,212.2,213.285,210.0,210.39,22843149,MSFT
2020-11-23 05:00:00+00:00,210.96,212.29,208.16,210.11,25722599,MSFT
2020-11-24 05:00:00+00:00,209.5,214.25,208.86,213.86,33979785,MSFT
2020-11-25 05:00:00+00:00,215.29,215.29,212.46,213.87,21013120,MSFT
2020-11-27 05:00:00+00:00,214.86,216.27,214.04,215.23,14512213,MSFT
2020-11-30 05:00:00+00:00,214.11,214.76,210.835,214.07,33064876,MSFT
2020-12-01 05:00:00+00:00,214.6,217.32,213.35,216.21,31318174,MSFT
2020-12-02 05:00:00+00:00,215.0,215.47,212.8,215.37,23727872,MSFT
2020-12-03 05:00:00+00:00,214.6,216.3757,213.65,214.24,25120967,MSFT
2020-12-04 05:00:00+00:00,214.2,215.38,213.18,214.36,25000039,MSFT
2020-12-07 05:00:00+00:00,214.39,215.54,212.99,214.29,24620029,MSFT
2020-12-08 05:00:00+00:00,214.07,216.95,212.89,216.01,23284876,MSFT
2020-12-09 05:00:00+00:00,215.2,215.225,211.214,211.8,32441513,MSFT
2020-12-10 05:00:00+00:00,211.8,213.08,210.36,210.52,26967033,MSFT
2020-12-11 05:00:00+00:00,210.2,213.32,209.11,213.26,30999951,MSFT
2020-12-14 05:00:00+00:00,212.91,216.21,212.88,214.2,28850497,MSFT
2020-12-15 05:00:00+00:00,215.17,215.42,212.24,214.13,27026063,MSFT
2020-12-16 05:00:00+00:00,214.83,220.11,214.72,219.28,35035729,MSFT
2020-12-17 05:00:00+00:00,219.86,220.89,217.92,219.42,32548648,MSFT
2020-12-18 05:00:00+00:00,218.92,219.69,216.02,218.59,63355438,MSFT
2020-12-21 05:00:00+00:00,217.545,224.0,217.2801,222.59,37181978,MSFT
2020-12-22 05:00:00+00:00,222.57,225.63,221.85,223.94,22750452,MSFT
2020-12-23 05:00:00+00:00,223.25,223.5589,220.8,221.02,18699638,MSFT
2020-12-24 05:00:00+00:00,221.4,223.61,221.2,222.75,10550586,MSFT
2020-12-28 05:00:00+00:00,224.44,226.03,223.02,224.96,17933958,MSFT
2020-12-29 05:00:00+00:00,226.06,227.18,223.58,224.15,17403213,MSFT
2020-12-30 05:00:00+00:00,225.26,225.63,221.47,221.68,20272337,MSFT
2020-12-31 05:00:00+00:00,221.82,223.0,219.68,222.42,20942536,MSFT
2021-01-04 05:00:00+00:00,222.54,223.0,214.81,217.69,37130640,MSFT
2021-01-05 05:00:00+00:00,217.61,218.52,215.7,217.9,23840967,MSFT
2021-01-06 05:00:00+00:00,212.45,216.4899,211.94,212.25,35930653,MSFT
2021-01-07 05:00:00+00:00,214.04,219.34,213.71,218.29,27694751,MSFT
2021-01-08 05:00:00+00:00,218.83,220.58,217.0261,219.62,22956666,MSFT
2021-01-11 05:00:00+00:00,218.46,218.91,216.73,217.49,23047029,MSFT
2021-01-12 05:00:00+00:00,216.56,217.1,213.3202,214.93,23249336,MSFT
2021-01-13 05:00:00+00:00,214.0,216.76,213.9266,216.34,20087110,MSFT
2021-01-14 05:00:00+00:00,215.91,217.46,212.74,213.02,29846932,MSFT
2021-01-15 05:00:00+00:00,213.56,214.51,212.03,212.65,31730943,MSFT
2021-01-19 05:00:00+00:00,213.79,216.98,212.63,216.44,30480863,MSFT
2021-01-20 05:00:00+00:00,217.98,225.79,217.2908,224.34,37777262,MSFT
2021-01-21 05:00:00+00:00,224.9,226.3,222.42,224.97,30772353,MSFT
2021-01-22 05:00:00+00:00,227.5,230.07,225.8,225.95,30174027,MSFT
2021-01-25 05:00:00+00:00,229.04,229.78,224.22,229.53,33152112,MSFT
2021-01-26 05:00:00+00:00,231.89,234.18,230.08,232.33,49169601,MSFT
2021-01-27 05:00:00+00:00,237.97,240.44,230.14,232.9,70958065,MSFT
2021-01-28 05:00:00+00:00,235.84,242.64,235.09,238.93,49111390,MSFT
2021-01-29 05:00:00+00:00,235.55,238.02,231.35,231.96,42504614,MSFT
2021-02-01 05:00:00+00:00,235.16,242.5,232.43,239.65,33315153,MSFT
2021-02-02 05:00:00+00:00,241.06,242.31,238.69,239.51,25925275,MSFT
2021-02-03 05:00:00+00:00,239.8,245.09,239.26,243.0,27158104,MSFT
2021-02-04 05:00:00+00:00,242.76,243.2399,240.37,242.01,25296111,MSFT
2021-02-05 05:00:00+00:00,242.36,243.28,240.42,242.2,18055355,MSFT
2021-02-08 05:00:00+00:00,243.3,243.68,240.81,242.47,22215735,MSFT
2021-02-09 05:00:00+00:00,242.07,244.76,241.38,243.77,23565883,MSFT
2021-02-10 05:00:00+00:00,245.0,245.92,240.89,242.82,22255910,MSFT
2021-02-11 05:00:00+00:00,244.73,245.15,242.15,244.49,15751060,MSFT
2021-02-12 05:00:00+00:00,244.0,245.3,242.73,244.99,16561079,MSFT
2021-02-16 05:00:00+00:00,245.02,246.13,242.92,243.7,26729632,MSFT
2021-02-17 05:00:00+00:00,241.0,244.31,240.94,244.2,21673109,MSFT
2021-02-18 05:00:00+00:00,241.86,243.93,240.86,243.79,16925784,MSFT
2021-02-19 05:00:00+00:00,243.74,243.86,240.18,240.97,25262701,MSFT
2021-02-22 05:00:00+00:00,236.99,237.93,232.4,234.51,36466135,MSFT
2021-02-23 05:00:00+00:00,230.09,234.83,228.73,233.27,30228824,MSFT
2021-02-24 05:00:00+00:00,230.01,235.2,229.0,234.55,26423141,MSFT
2021-02-25 05:00:00+00:00,232.08,234.5852,227.88,228.99,39543020,MSFT
2021-02-26 05:00:00+00:00,231.6,235.37,229.54,232.38,37819409,MSFT
2021-03-01 05:00:00+00:00,235.97,237.47,233.15,236.94,25332837,MSFT
2021-03-02 05:00:00+00:00,237.0,237.3,233.45,233.87,22812459,MSFT
2021-03-03 05:00:00+00:00,232.01,233.5799,227.26,227.56,34029548,MSFT
2021-03-04 05:00:00+00:00,226.79,232.49,224.26,226.73,44727835,MSFT
2021-03-05 05:00:00+00:00,229.5,233.27,226.46,231.6,41877934,MSFT
2021-03-08 05:00:00+00:00,231.48,233.365,227.13,227.39,35293182,MSFT
2021-03-09 05:00:00+00:00,232.86,235.3839,231.67,233.78,33081286,MSFT
2021-03-10 05:00:00+00:00,236.8,237.0,232.04,232.42,29746812,MSFT
2021-03-11 05:00:00+00:00,234.79,239.17,234.31,237.13,29907588,MSFT
2021-03-12 05:00:00+00:00,234.0,235.82,233.23,235.75,22654952,MSFT
2021-03-15 04:00:00+00:00,234.9,235.185,231.81,234.81,26059194,MSFT
2021-03-16 04:00:00+00:00,236.38,240.055,235.94,237.71,28092247,MSFT
2021-03-17 04:00:00+00:00,236.2,238.55,233.23,237.04,29562101,MSFT
2021-03-18 04:00:00+00:00,232.41,234.19,230.33,230.72,34852992,MSFT
2021-03-19 04:00:00+00:00,231.55,232.474,229.3496,230.35,46489360,MSFT
2021-03-22 04:00:00+00:00,230.5,236.9,230.14,235.99,30127005,MSFT
2021-03-23 04:00:00+00:00,237.48,241.05,237.07,237.58,31763895,MSFT
2021-03-24 04:00:00+00:00,237.81,238.0,235.32,235.46,25620170,MSFT
2021-03-25 04:00:00+00:00,235.01,236.94,231.57,232.34,34061853,MSFT
2021-03-26 04:00:00+00:00,231.71,236.71,231.55,236.48,25483458,MSFT
2021-03-29 04:00:00+00:00,236.72,236.8,231.88,235.24,26303478,MSFT
2021-03-30 04:00:00+00:00,233.65,233.85,231.1,231.85,24792012,MSFT
2021-03-31 04:00:00+00:00,232.8,239.1,232.39,235.77,43632075,MSFT
2021-04-01 04:00:00+00:00,238.6,242.84,238.0501,242.35,30287923,MSFT
2021-04-05 04:00:00+00:00,242.85,249.96,242.7,249.07,36855371,MSFT
2021-04-06 04:00:00+00:00,247.74,249.4,246.88,247.86,24908317,MSFT
2021-04-07 04:00:00+00:00,247.88,250.93,247.19,249.9,22634697,MSFT
2021-04-08 04:00:00+00:00,252.7,254.139,252.0,253.25,23542015,MSFT
2021-04-09 04:00:00+00:00,253.0,255.99,252.44,255.85,23849856,MSFT
2021-04-12 04:00:00+00:00,254.81,257.67,254.62,255.83,23306721,MSFT
2021-04-13 04:00:00+00:00,257.08,259.19,256.83,258.49,20560346,MSFT
2021-04-14 04:00:00+00:00,257.4,258.83,255.16,255.81,20153282,MSFT
2021-04-15 04:00:00+00:00,257.95,259.93,257.73,259.56,21502839,MSFT
2021-04-16 04:00:00+00:00,260.0,261.0,257.6014,260.57,21729875,MSFT
2021-04-19 04:00:00+00:00,260.19,261.48,257.821,258.91,19016234,MSFT
2021-04-20 04:00:00+00:00,258.02,260.2,256.84,258.28,17518451,MSFT
2021-04-21 04:00:00+00:00,258.8,260.68,257.25,260.62,21082863,MSFT
2021-04-22 04:00:00+00:00,260.03,261.78,255.64,257.17,25541599,MSFT
2021-04-23 04:00:00+00:00,257.79,261.51,257.27,261.15,21634375,MSFT
2021-04-26 04:00:00+00:00,261.67,262.435,260.17,261.55,19722283,MSFT
2021-04-27 04:00:00+00:00,261.58,263.19,260.12,261.97,30889370,MSFT
2021-04-28 04:00:00+00:00,256.1,256.5399,245.85,254.56,45991581,MSFT
2021-04-29 04:00:00+00:00,255.58,256.1,249.0,252.51,40231075,MSFT
2021-04-30 04:00:00+00:00,249.6,253.08,249.6,252.18,30831722,MSFT
2021-05-03 04:00:00+00:00,253.34,254.35,251.12,251.86,19618219,MSFT
2021-05-04 04:00:00+00:00,250.68,251.068,245.76,247.79,32417398,MSFT
2021-05-05 04:00:00+00:00,249.15,249.5,245.82,246.47,21809566,MSFT
2021-05-06 04:00:00+00:00,246.47,249.86,244.69,249.71,22497774,MSFT
2021-05-07 04:00:00+00:00,252.12,254.3,251.17,252.46,27002326,MSFT
2021-05-10 04:00:00+00:00,250.95,251.73,247.12,247.18,29035444,MSFT
2021-05-11 04:00:00+00:00,244.31,246.6,242.57,246.23,33534708,MSFT
2021-05-12 04:00:00+00:00,242.15,244.38,238.07,239.03,32677789,MSFT
2021-05-13 04:00:00+00:00,241.82,245.6,241.42,242.98,26631555,MSFT
2021-05-14 04:00:00+00:00,245.7,249.18,245.49,248.15,23777468,MSFT
2021-05-17 04:00:00+00:00,246.43,246.59,243.52,245.18,24977370,MSFT
2021-05-18 04:00:00+00:00,246.1,246.41,242.9,243.08,20167505,MSFT
2021-05-19 04:00:00+00:00,239.0,243.23,238.6,243.12,25739922,MSFT
2021-05-20 04:00:00+00:00,243.86,247.95,243.86,246.48,21800519,MSFT
2021-05-21 04:00:00+00:00,247.72,248.33,244.74,245.17,21942746,MSFT
2021-05-24 04:00:00+00:00,247.95,251.16,247.51,250.78,21411368,MSFT
2021-05-25 04:00:00+00:00,251.65,252.75,250.82,251.72,17705738,MSFT
2021-05-26 04:00:00+00:00,251.3,252.94,250.75,251.49,17771600,MSFT
2021-05-27 04:00:00+00:00,251.18,251.48,249.25,249.31,24476059,MSFT
2021-05-28 04:00:00+00:00,251.32,252.08,249.56,249.68,18273921,MSFT
2021-06-01 04:00:00+00:00,251.25,251.29,246.96,247.4,23212735,MSFT
2021-06-02 04:00:00+00:00,248.09,249.27,245.84,247.3,19406741,MSFT
2021-06-03 04:00:00+00:00,245.18,246.34,243.0,245.71,25707611,MSFT
2021-06-04 04:00:00+00:00,247.88,251.65,247.51,250.79,25280738,MSFT
2021-06-07 04:00:00+00:00,249.95,254.09,249.81,253.81,23077887,MSFT
2021-06-08 04:00:00+00:00,255.25,256.01,252.51,252.57,22454998,MSFT
2021-06-09 04:00:00+00:00,254.01,255.53,253.21,253.59,17937139,MSFT
2021-06-10 04:00:00+00:00,254.0,257.46,253.67,257.24,24486573,MSFT
2021-06-11 04:00:00+00:00,258.0,258.4868,256.61,257.89,18923295,MSFT
2021-06-14 04:00:00+00:00,257.9,259.95,256.8,259.89,19060877,MSFT
2021-06-15 04:00:00+00:00,259.82,259.99,257.68,258.36,18021659,MSFT
2021-06-16 04:00:00+00:00,259.39,260.58,254.42,257.38,27122839,MSFT
2021-06-17 04:00:00+00:00,256.05,261.75,256.01,260.9,27390625,MSFT
2021-06-18 04:00:00+00:00,259.72,262.3,258.75,259.43,37318151,MSFT
2021-06-21 04:00:00+00:00,259.97,263.52,257.92,262.63,26587782,MSFT
2021-06-22 04:00:00+00:00,262.72,265.79,262.4,265.51,24604179,MSFT
2021-06-23 04:00:00+00:00,265.5,266.83,264.43,265.275,19440568,MSFT
2021-06-24 04:00:00+00:00,266.0,267.85,265.47,266.69,21406984,MSFT
2021-06-25 04:00:00+00:00,266.29,267.25,264.76,265.02,25507919,MSFT
2021-06-28 04:00:00+00:00,266.02,268.9,265.91,268.72,19554516,MSFT
2021-06-29 04:00:00+00:00,268.72,271.65,267.98,271.4,19915091,MSFT
2021-06-30 04:00:00+00:00,270.56,271.3598,269.6043,270.9,21611853,MSFT
2021-07-01 04:00:00+00:00,269.61,271.84,269.6,271.6,16679525,MSFT
2021-07-02 04:00:00+00:00,272.63,278.0,272.5,277.65,26439306,MSFT
2021-07-06 04:00:00+00:00,278.0,279.3698,274.3,277.66,31534574,MSFT
2021-07-07 04:00:00+00:00,279.48,280.6945,277.15,279.93,23194334,MSFT
2021-07-08 04:00:00+00:00,276.75,278.73,274.87,277.42,24532465,MSFT
2021-07-09 04:00:00+00:00,275.52,278.05,275.32,277.94,23847869,MSFT
2021-07-12 04:00:00+00:00,279.17,279.77,276.58,277.32,18913208,MSFT
2021-07-13 04:00:00+00:00,277.67,282.8477,277.39,280.98,25996039,MSFT
2021-07-14 04:00:00+00:00,282.29,283.66,280.55,282.51,23012415,MSFT
2021-07-15 04:00:00+00:00,281.94,282.51,279.83,281.03,22563898,MSFT
2021-07-16 04:00:00+00:00,282.28,284.1,279.46,280.75,26124971,MSFT
2021-07-19 04:00:00+00:00,279.11,280.37,274.45,277.01,32703227,MSFT
2021-07-20 04:00:00+00:00,278.07,280.97,276.26,279.32,26109720,MSFT
2021-07-21 04:00:00+00:00,278.97,281.52,277.29,281.4,24473315,MSFT
2021-07-22 04:00:00+00:00,283.86,286.42,283.42,286.14,23359110,MSFT
2021-07-23 04:00:00+00:00,287.8,289.99,286.51,289.67,22721911,MSFT
2021-07-26 04:00:00+00:00,288.85,289.69,286.642,289.05,23149694,MSFT
2021-07-27 04:00:00+00:00,289.31,289.575,282.95,286.54,33578987,MSFT
2021-07-28 04:00:00+00:00,288.95,290.15,283.8303,286.22,33478091,MSFT
2021-07-29 04:00:00+00:00,286.3,288.618,286.08,286.5,18119559,MSFT
2021-07-30 04:00:00+00:00,285.17,286.66,283.91,284.91,20865791,MSFT
2021-08-02 04:00:00+00:00,286.3,286.775,283.74,284.82,16191855,MSFT
2021-08-03 04:00:00+00:00,285.5,287.23,284.0,287.12,17772217,MSFT
2021-08-04 04:00:00+00:00,285.84,287.5883,284.65,286.51,16151149,MSFT
2021-08-05 04:00:00+00:00,286.96,289.63,286.1,289.52,13882357,MSFT
2021-08-06 04:00:00+00:00,288.2,289.5,287.6238,289.46,16577324,MSFT
2021-08-09 04:00:00+00:00,289.84,291.55,287.81,288.33,16090184,MSFT
2021-08-10 04:00:00+00:00,288.8,289.25,285.2,286.44,18596329,MSFT
2021-08-11 04:00:00+00:00,287.16,288.66,285.86,286.95,13918457,MSFT
2021-08-12 04:00:00+00:00,286.5,289.97,286.34,289.81,14537158,MSFT
2021-08-13 04:00:00+00:00,289.44,292.9,289.3,292.85,18233145,MSFT
2021-08-16 04:00:00+00:00,293.0,294.82,290.02,294.6,22483593,MSFT
2021-08-17 04:00:00+00:00,292.45,293.43,291.08,293.08,20005305,MSFT
2021-08-18 04:00:00+00:00,292.04,294.82,290.27,290.73,21787646,MSFT
2021-08-19 04:00:00+00:00,288.72,297.47,288.64,296.77,29742909,MSFT
2021-08-20 04:00:00+00:00,299.8,305.84,298.06,304.36,41004658,MSFT
2021-08-23 04:00:00+00:00,303.32,305.4,301.85,304.65,22888060,MSFT
2021-08-24 04:00:00+00:00,305.06,305.65,302.0035,302.62,18171043,MSFT
2021-08-25 04:00:00+00:00,304.25,304.59,300.42,302.01,20496280,MSFT
2021-08-26 04:00:00+00:00,301.0,302.429,298.96,299.09,17610329,MSFT
2021-08-27 04:00:00+00:00,299.0,300.87,296.83,299.72,22529764,MSFT
2021-08-30 04:00:00+00:00,301.07,304.22,301.06,303.59,16464042,MSFT
2021-08-31 04:00:00+00:00,304.22,304.5,301.5,301.88,26215858,MSFT
2021-09-01 04:00:00+00:00,302.88,305.19,301.49,301.83,18976464,MSFT
2021-09-02 04:00:00+00:00,302.05,303.3602,300.18,301.15,16264400,MSFT
2021-09-03 04:00:00+00:00,301.0,302.6,300.26,301.14,14746672,MSFT
2021-09-07 04:00:00+00:00,300.79,301.09,298.2,300.18,17165368,MSFT
2021-09-08 04:00:00+00:00,299.8,300.61,297.4651,300.21,14946536,MSFT
2021-09-09 04:00:00+00:00,300.76,302.14,297.0,297.25,19909116,MSFT
2021-09-10 04:00:00+00:00,298.4,299.92,295.38,295.71,19883958,MSFT
2021-09-13 04:00:00+00:00,297.51,298.54,294.08,296.99,23580412,MSFT
2021-09-14 04:00:00+00:00,299.57,301.39,298.1,299.79,21790699,MSFT
2021-09-15 04:00:00+00:00,303.26,305.32,301.82,304.82,28301511,MSFT
2021-09-16 04:00:00+00:00,303.76,305.31,300.76,305.22,19534937,MSFT
2021-09-17 04:00:00+00:00,304.17,304.5,299.53,299.87,41326596,MSFT
2021-09-20 04:00:00+00:00,296.6,298.72,289.52,294.3,38133707,MSFT
2021-09-21 04:00:00+00:00,295.65,297.54,294.07,294.8,22346312,MSFT
2021-09-22 04:00:00+00:00,296.82,300.22,294.51,298.58,26473244,MSFT
2021-09-23 04:00:00+00:00,298.58,300.9,297.5339,299.56,18508851,MSFT
2021-09-24 04:00:00+00:00,298.38,299.8,296.93,299.35,14955476,MSFT
2021-09-27 04:00:00+00:00,295.95,296.47,292.9449,294.17,23522397,MSFT
2021-09-28 04:00:00+00:00,289.79,290.78,282.75,283.52,43004378,MSFT
2021-09-29 04:00:00+00:00,284.79,286.77,283.01,284.0,26152384,MSFT
2021-09-30 04:00:00+00:00,285.71,287.83,281.62,281.92,31957395,MSFT
2021-10-01 04:00:00+00:00,282.16,289.98,281.29,289.1,29993741,MSFT
2021-10-04 04:00:00+00:00,287.5,287.75,280.25,283.11,31143252,MSFT
2021-10-05 04:00:00+00:00,284.14,290.398,284.0464,288.76,24898775,MSFT
2021-10-06 04:00:00+00:00,285.8,293.63,285.5093,293.11,27675469,MSFT
2021-10-07 04:00:00+00:00,295.0,296.64,293.92,294.85,20369707,MSFT
2021-10-08 04:00:00+00:00,296.07,296.6409,293.76,294.85,17604861,MSFT
2021-10-11 04:00:00+00:00,292.95,297.97,292.745,294.23,19204291,MSFT
2021-10-12 04:00:00+00:00,295.44,295.44,292.35,292.88,17795899,MSFT
2021-10-13 04:00:00+00:00,294.94,297.28,293.49,296.31,23159618,MSFT
2021-10-14 04:00:00+00:00,299.07,303.27,297.83,302.75,27161385,MSFT
2021-10-15 04:00:00+00:00,302.88,304.45,300.5191,304.21,25236710,MSFT
2021-10-18 04:00:00+00:00,303.14,308.21,302.69,307.29,22304553,MSFT
2021-10-19 04:00:00+00:00,308.33,309.3,307.22,308.23,17474748,MSFT
2021-10-20 04:00:00+00:00,309.18,309.7,306.11,307.41,16306982,MSFT
2021-10-21 04:00:00+00:00,307.41,311.02,306.36,310.76,16720714,MSFT
2021-10-22 04:00:00+00:00,310.7,311.09,307.8,309.16,17070279,MSFT
2021-10-25 04:00:00+00:00,309.3,309.4,306.46,308.13,17321240,MSFT
2021-10-26 04:00:00+00:00,311.05,312.395,308.5967,310.11,27815500,MSFT
2021-10-27 04:00:00+00:00,316.21,326.0973,316.0,323.17,52239532,MSFT
2021-10-28 04:00:00+00:00,324.05,324.87,321.3601,324.35,26058654,MSFT
2021-10-29 04:00:00+00:00,323.9,332.0,323.9,331.62,34466218,MSFT
2021-11-01 04:00:00+00:00,331.22,331.49,326.37,329.37,26938695,MSFT
2021-11-02 04:00:00+00:00,330.0,333.45,330.0,333.13,26514419,MSFT
2021-11-03 04:00:00+00:00,333.9,334.9,330.65,334.0,21468570,MSFT
2021-11-04 04:00:00+00:00,332.74,336.54,329.51,336.44,23990593,MSFT
2021-11-05 04:00:00+00:00,338.26,338.79,334.4217,336.06,22565041,MSFT
2021-11-08 05:00:00+00:00,337.5,337.65,334.44,336.99,20878325,MSFT
2021-11-09 05:00:00+00:00,336.79,338.72,334.53,335.95,21269791,MSFT
2021-11-10 05:00:00+00:00,334.42,334.6303,329.92,330.8,25431096,MSFT
2021-11-11 05:00:00+00:00,331.25,333.7746,330.51,332.43,16849519,MSFT
2021-11-12 05:00:00+00:00,333.99,337.23,333.79,336.72,23817533,MSFT
2021-11-15 05:00:00+00:00,337.5,337.88,334.034,336.07,16695727,MSFT
2021-11-16 05:00:00+00:00,335.65,340.67,335.51,339.51,20881291,MSFT
2021-11-17 05:00:00+00:00,339.32,342.19,338.0,339.12,19034946,MSFT
2021-11-18 05:00:00+00:00,337.77,342.45,337.12,341.27,22444918,MSFT
2021-11-19 05:00:00+00:00,343.04,345.1,342.2,343.11,21944035,MSFT
2021-11-22 05:00:00+00:00,344.56,349.67,339.55,339.83,31656467,MSFT
2021-11-23 05:00:00+00:00,336.72,339.45,333.56,337.68,30379724,MSFT
2021-11-24 05:00:00+00:00,336.34,338.16,333.911,337.91,21590664,MSFT
2021-11-26 05:00:00+00:00,334.35,337.93,328.12,329.68,24182381,MSFT
2021-11-29 05:00:00+00:00,334.98,339.03,334.74,336.63,28543376,MSFT
2021-11-30 05:00:00+00:00,335.32,337.78,328.99,330.59,42797462,MSFT
2021-12-01 05:00:00+00:00,335.33,339.28,329.39,330.08,33325892,MSFT
2021-12-02 05:00:00+00:00,330.12,333.49,327.8028,329.49,30660622,MSFT
2021-12-03 05:00:00+00:00,331.91,332.7,318.03,323.01,41742737,MSFT
2021-12-06 05:00:00+00:00,323.89,327.45,319.23,326.19,30013841,MSFT
2021-12-07 05:00:00+00:00,331.74,335.8,330.1,334.92,30979184,MSFT
2021-12-08 05:00:00+00:00,335.38,335.5,330.8,334.97,24735154,MSFT
2021-12-09 05:00:00+00:00,334.64,336.489,332.12,333.1,22104570,MSFT
2021-12-10 05:00:00+00:00,334.8,343.0,334.79,342.54,38045763,MSFT
2021-12-13 05:00:00+00:00,340.73,343.79,339.08,339.4,28543320,MSFT
2021-12-14 05:00:00+00:00,332.93,334.64,324.11,328.34,44399726,MSFT
2021-12-15 05:00:00+00:00,328.7,335.19,324.5,334.65,35311849,MSFT
2021-12-16 05:00:00+00:00,335.83,336.76,323.02,324.9,34968376,MSFT
2021-12-17 05:00:00+00:00,320.86,324.92,317.25,323.8,48099134,MSFT
2021-12-20 05:00:00+00:00,320.0,322.8,317.57,319.91,27980823,MSFT
2021-12-21 05:00:00+00:00,323.19,327.73,319.8,327.29,24726297,MSFT
2021-12-22 05:00:00+00:00,328.14,333.605,325.75,333.2,24928428,MSFT
2021-12-23 05:00:00+00:00,332.91,336.39,332.73,334.69,19603969,MSFT
2021-12-27 05:00:00+00:00,335.51,342.48,335.43,342.45,19926158,MSFT
2021-12-28 05:00:00+00:00,343.0,343.81,340.32,341.25,15638118,MSFT
2021-12-29 05:00:00+00:00,341.58,344.3,339.68,341.95,15032923,MSFT
2021-12-30 05:00:00+00:00,341.98,343.13,338.82,339.32,15992962,MSFT
2021-12-31 05:00:00+00:00,338.41,339.355,335.85,336.32,17988377,MSFT
2022-01-03 05:00:00+00:00,335.15,338.0,329.78,334.75,28900038,MSFT
2022-01-04 05:00:00+00:00,334.5,335.2,326.12,329.01,32663003,MSFT
2022-01-05 05:00:00+00:00,325.72,326.07,316.0,316.38,39731813,MSFT
2022-01-06 05:00:00+00:00,312.63,318.7,311.49,313.88,39788932,MSFT
2022-01-07 05:00:00+00:00,313.83,316.5,310.09,314.04,32686013,MSFT
2022-01-10 05:00:00+00:00,309.48,314.72,304.69,314.27,44126402,MSFT
2022-01-11 05:00:00+00:00,313.18,316.61,309.89,314.98,29386874,MSFT
2022-01-12 05:00:00+00:00,319.95,323.41,317.08,318.27,34348796,MSFT
2022-01-13 05:00:00+00:00,320.5,320.88,304.0,304.8,45278806,MSFT
2022-01-14 05:00:00+00:00,304.06,310.82,303.75,310.2,39788809,MSFT
2022-01-18 05:00:00+00:00,304.37,309.8,301.74,302.65,42335341,MSFT
2022-01-19 05:00:00+00:00,306.28,313.9093,302.7,303.33,45853527,MSFT
2022-01-20 05:00:00+00:00,309.15,311.6494,301.14,301.6,35251959,MSFT
2022-01-21 05:00:00+00:00,302.5,304.11,295.61,296.03,57703944,MSFT
2022-01-24 05:00:00+00:00,291.87,297.11,276.05,296.37,84892712,MSFT
2022-01-25 05:00:00+00:00,291.47,294.99,285.17,288.49,72748418,MSFT
2022-01-26 05:00:00+00:00,308.45,308.5,293.03,296.71,89356261,MSFT
2022-01-27 05:00:00+00:00,302.56,307.3,297.93,299.84,53245918,MSFT
2022-01-28 05:00:00+00:00,300.26,308.48,294.45,308.26,49684755,MSFT
2022-01-31 05:00:00+00:00,308.85,312.38,306.37,310.98,46366947,MSFT
2022-02-01 05:00:00+00:00,310.56,310.63,305.1293,308.76,40846004,MSFT
2022-02-02 05:00:00+00:00,309.49,315.12,308.88,313.46,36591606,MSFT
2022-02-03 05:00:00+00:00,309.6,311.23,299.96,301.25,43648997,MSFT
2022-02-04 05:00:00+00:00,300.51,308.8,299.97,305.94,35008085,MSFT
2022-02-07 05:00:00+00:00,305.74,307.84,299.9,300.95,28504057,MSFT
2022-02-08 05:00:00+00:00,301.07,305.561,299.95,304.56,32343327,MSFT
2022-02-09 05:00:00+00:00,309.94,311.93,307.41,311.21,30642287,MSFT
2022-02-10 05:00:00+00:00,303.55,309.12,300.7,302.38,44086840,MSFT
2022-02-11 05:00:00+00:00,303.42,304.29,294.22,295.04,37625984,MSFT
2022-02-14 05:00:00+00:00,293.58,296.76,291.35,295.0,34368714,MSFT
2022-02-15 05:00:00+00:00,300.0,300.8,297.02,300.47,26669572,MSFT
2022-02-16 05:00:00+00:00,298.18,300.87,293.68,299.5,29267918,MSFT
2022-02-17 05:00:00+00:00,295.93,296.8,290.0,290.73,31721425,MSFT
2022-02-18 05:00:00+00:00,293.14,293.86,286.305,287.93,33329232,MSFT
2022-02-22 05:00:00+00:00,284.88,291.54,284.5,287.72,40443571,MSFT
2022-02-23 05:00:00+00:00,290.3,291.7,280.1,280.27,36728997,MSFT
2022-02-24 05:00:00+00:00,272.6,295.16,271.52,294.59,56993732,MSFT
2022-02-25 05:00:00+00:00,295.0,297.62,291.655,297.31,31040429,MSFT
2022-02-28 05:00:00+00:00,294.59,299.14,293.0,298.79,32986381,MSFT
2022-03-01 05:00:00+00:00,296.32,299.97,292.15,294.95,29766910,MSFT
2022-03-02 05:00:00+00:00,295.59,301.44,293.698,300.19,30333388,MSFT
2022-03-03 05:00:00+00:00,303.0,303.13,294.05,295.92,26200571,MSFT
2022-03-04 05:00:00+00:00,294.31,295.66,287.165,289.86,31208263,MSFT
2022-03-07 05:00:00+00:00,288.65,289.69,278.53,278.91,41736840,MSFT
2022-03-08 05:00:00+00:00,278.0,283.96,270.0,275.85,46348357,MSFT
2022-03-09 05:00:00+00:00,283.59,289.6,280.78,288.5,33695021,MSFT
2022-03-10 05:00:00+00:00,282.85,286.6,280.58,285.59,29498382,MSFT
2022-03-11 05:00:00+00:00,288.45,289.51,279.43,280.07,26376584,MSFT
2022-03-14 04:00:00+00:00,280.22,285.3992,275.82,276.44,29357508,MSFT
2022-03-15 04:00:00+00:00,280.36,287.82,278.725,287.15,33386352,MSFT
2022-03-16 04:00:00+00:00,289.11,294.57,283.2,294.39,37390549,MSFT
2022-03-17 04:00:00+00:00,293.05,295.61,289.37,295.22,29907772,MSFT
2022-03-18 04:00:00+00:00,294.69,300.99,292.73,300.43,42681005,MSFT
2022-03-21 04:00:00+00:00,298.78,300.14,294.9,299.16,28544282,MSFT
2022-03-22 04:00:00+00:00,299.55,305.0,298.77,304.06,27303945,MSFT
2022-03-23 04:00:00+00:00,300.43,303.23,297.7201,299.49,25321936,MSFT
2022-03-24 04:00:00+00:00,299.27,304.2,298.315,304.1,24010846,MSFT
2022-03-25 04:00:00+00:00,305.49,305.5,299.2855,303.68,22508883,MSFT
2022-03-28 04:00:00+00:00,304.43,310.8,304.33,310.7,29604093,MSFT
2022-03-29 04:00:00+00:00,313.97,315.82,309.05,315.41,30397624,MSFT
2022-03-30 04:00:00+00:00,313.63,315.95,311.58,313.86,28163565,MSFT
2022-03-31 04:00:00+00:00,314.04,315.14,307.89,308.31,33327683,MSFT
2022-04-01 04:00:00+00:00,309.5,310.13,305.54,309.42,27026101,MSFT
2022-04-04 04:00:00+00:00,310.25,315.11,309.71,314.97,24291449,MSFT
2022-04-05 04:00:00+00:00,313.2,314.865,309.87,310.88,23092345,MSFT
2022-04-06 04:00:00+00:00,305.0,307.0,296.71,299.5,40011468,MSFT
2022-04-07 04:00:00+00:00,296.4,303.65,296.35,301.37,31245170,MSFT
2022-04-08 04:00:00+00:00,300.44,301.12,296.28,296.97,24312058,MSFT
2022-04-11 04:00:00+00:00,291.57,292.61,285.0,285.26,34528125,MSFT
2022-04-12 04:00:00+00:00,289.23,290.739,280.49,282.06,30856063,MSFT
2022-04-13 04:00:00+00:00,282.42,288.58,281.3,287.62,21805538,MSFT
2022-04-14 04:00:00+00:00,287.84,288.305,279.32,279.83,28138700,MSFT
2022-04-18 04:00:00+00:00,279.0,282.46,278.34,280.52,20695840,MSFT
2022-04-19 04:00:00+00:00,279.41,286.17,278.41,285.3,22270987,MSFT
2022-04-20 04:00:00+00:00,289.43,289.7,285.3702,286.36,22761806,MSFT
2022-04-21 04:00:00+00:00,288.45,293.3,280.06,280.81,29341794,MSFT
2022-04-22 04:00:00+00:00,281.67,283.2,273.38,274.03,29447496,MSFT
2022-04-25 04:00:00+00:00,273.0,281.11,270.77,280.72,35495492,MSFT
2022-04-26 04:00:00+00:00,277.24,278.3599,270.0,270.22,46306788,MSFT
2022-04-27 04:00:00+00:00,282.24,290.97,279.16,283.22,63277571,MSFT
2022-04-28 04:00:00+00:00,285.04,290.98,281.4562,289.63,33449152,MSFT
2022-04-29 04:00:00+00:00,288.8,289.88,276.5,277.52,36770885,MSFT
2022-05-02 04:00:00+00:00,277.87,284.94,276.22,284.47,34951532,MSFT
2022-05-03 04:00:00+00:00,283.96,284.13,280.15,281.78,25828973,MSFT
2022-05-04 04:00:00+00:00,282.71,290.86,276.73,289.98,33373329,MSFT
2022-05-05 04:00:00+00:00,285.3,286.35,274.34,277.35,43042806,MSFT
2022-05-06 04:00:00+00:00,274.7,279.25,271.27,274.73,37514159,MSFT
2022-05-09 04:00:00+00:00,270.14,272.36,263.32,264.58,47545129,MSFT
2022-05-10 04:00:00+00:00,271.67,273.75,265.07,269.5,39056986,MSFT
2022-05-11 04:00:00+00:00,265.7,271.36,259.3,260.55,48515011,MSFT
2022-05-12 04:00:00+00:00,257.32,259.88,250.02,255.35,50675646,MSFT
2022-05-13 04:00:00+00:00,257.44,263.04,255.35,261.12,34773139,MSFT
2022-05-16 04:00:00+00:00,259.79,265.82,255.78,261.5,32411904,MSFT
2022-05-17 04:00:00+00:00,266.14,268.33,262.46,266.86,25531862,MSFT
2022-05-18 04:00:00+00:00,262.96,263.6,252.8,254.08,31337307,MSFT
2022-05-19 04:00:00+00:00,253.98,257.67,251.88,253.14,32550533,MSFT
2022-05-20 04:00:00+00:00,256.97,258.54,246.44,252.56,39781800,MSFT
2022-05-23 04:00:00+00:00,255.76,261.5,253.43,260.65,33074182,MSFT
2022-05-24 04:00:00+00:00,257.9,261.33,253.5,259.62,28861966,MSFT
2022-05-25 04:00:00+00:00,258.36,264.58,257.125,262.52,28402776,MSFT
2022-05-26 04:00:00+00:00,262.29,267.11,261.4294,265.9,24933202,MSFT
2022-05-27 04:00:00+00:00,268.51,273.34,267.56,273.24,26809462,MSFT
2022-05-31 04:00:00+00:00,272.5,274.77,268.93,271.87,37691020,MSFT
2022-06-01 04:00:00+00:00,275.0,277.69,270.04,272.42,25108530,MSFT
